director_id,movie_id
dir_1,tt26229612
dir_2,tt3562110
dir_3,tt27162102
dir_4,tt27162102
dir_5,tt27540217
dir_6,tt31529147
dir_7,tt27843798
dir_8,tt27843798
dir_9,tt32223398
dir_10,tt27922706
dir_11,tt28007064
dir_12,tt1187043
dir_13,tt30798612
dir_14,tt27852049
dir_15,tt7363076
dir_16,tt9214772
dir_17,tt13261550
dir_18,tt13818368
dir_19,tt0454876
dir_20,tt28377588
dir_21,tt8936646
dir_22,tt23849204
dir_23,tt1010048
dir_24,tt1010048
dir_25,tt28622758
dir_26,tt5074352
dir_27,tt32086077
dir_28,tt32060445
dir_29,tt8239946
dir_30,tt8239946
dir_31,tt8239946
dir_32,tt11112532
dir_33,tt0838221
dir_34,tt21108804
dir_35,tt0986264
dir_36,tt3691740
dir_37,tt0083987
dir_38,tt13751694
dir_39,tt28259207
dir_40,tt30444418
dir_41,tt5461944
dir_42,tt18277182
dir_43,tt31712434
dir_44,tt4430212
dir_45,tt21626284
dir_46,tt27721892
dir_47,tt21194868
dir_12,tt2338151
dir_48,tt27056066
dir_49,tt27056066
dir_50,tt6264938
dir_51,tt6571548
dir_52,tt2980648
dir_53,tt32327574
dir_54,tt32327574
dir_55,tt12856788
dir_56,tt1188996
dir_57,tt27510174
dir_58,tt3863552
dir_59,tt8291224
dir_60,tt15354916
dir_61,tt16436848
dir_62,tt27459160
dir_63,tt27459160
dir_64,tt3702652
dir_65,tt2350496
dir_66,tt15501640
dir_67,tt26439870
dir_68,tt10295212
dir_69,tt22457506
dir_56,tt0248126
dir_70,tt8108198
dir_71,tt0361411
dir_12,tt15428134
dir_72,tt27757805
dir_73,tt1954470
dir_74,tt21626774
dir_75,tt13130760
dir_76,tt27477888
dir_77,tt30970235
dir_78,tt27431598
dir_79,tt27995594
dir_80,tt15245240
dir_81,tt0169102
dir_82,tt15437986
dir_83,tt13381376
dir_84,tt31522415
dir_85,tt21279420
dir_18,tt12844910
dir_86,tt30422937
dir_87,tt28075881
dir_56,tt0172684
dir_69,tt27056012
dir_88,tt0347304
dir_89,tt0112870
dir_90,tt10028196
dir_91,tt10230426
dir_92,tt0238936
dir_93,tt11976134
dir_94,tt0420332
dir_89,tt0213890
dir_92,tt5935704
dir_58,tt27470893
dir_95,tt26733317
dir_96,tt1101665
dir_97,tt6649234
dir_43,tt1166100
dir_98,tt10811166
dir_56,tt14993250
dir_38,tt8983202
dir_92,tt10083340
dir_57,tt8108202
dir_99,tt1562872
dir_100,tt10786774
dir_101,tt5255710
dir_102,tt5255710
dir_103,tt23475174
dir_104,tt26932223
dir_105,tt1292703
dir_81,tt0367110
dir_106,tt0164538
dir_107,tt10280296
dir_108,tt27032419
dir_109,tt0292490
dir_93,tt2112124
dir_109,tt0323013
dir_110,tt27744786
dir_84,tt1280558
dir_111,tt1280558
dir_112,tt8439854
dir_99,tt8439854
dir_105,tt8439854
dir_56,tt8439854
dir_113,tt8439854
dir_114,tt27679608
dir_115,tt10869778
dir_116,tt31897917
dir_89,tt1182937
dir_117,tt3390572
dir_18,tt7430722
dir_118,tt0405508
dir_119,tt1647668
dir_120,tt24268454
dir_121,tt24268454
dir_112,tt27989067
dir_122,tt27989067
dir_123,tt27989067
dir_115,tt27989067
dir_113,tt27989067
dir_124,tt1024943
dir_61,tt12861212
dir_125,tt3405236
dir_26,tt9052870
dir_126,tt2082197
dir_127,tt4501268
dir_128,tt2555736
dir_129,tt10324144
dir_130,tt25434834
dir_73,tt1261047
dir_131,tt0118751
dir_132,tt1833673
dir_133,tt2203308
dir_124,tt0347473
dir_134,tt0441048
dir_135,tt26745657
dir_136,tt4832640
dir_137,tt35402446
dir_99,tt4110568
dir_138,tt16139258
dir_139,tt16139258
dir_140,tt0249371
dir_141,tt1836987
dir_84,tt2377938
dir_93,tt4535650
dir_118,tt2356180
dir_142,tt2178470
dir_143,tt7399470
dir_144,tt8011276
dir_123,tt8130968
dir_123,tt15748830
dir_84,tt3848892
dir_145,tt0109117
dir_146,tt20754156
dir_142,tt6277462
dir_147,tt21383812
dir_12,tt0374887
dir_92,tt3735246
dir_107,tt3767372
dir_109,tt1285241
dir_148,tt6299040
dir_149,tt0073707
dir_150,tt13491110
dir_100,tt7098658
dir_94,tt2176013
dir_151,tt0995031
dir_12,tt6452574
dir_152,tt24485052
dir_153,tt23790740
dir_154,tt29330913
dir_155,tt1093370
dir_156,tt19838634
dir_73,tt0400234
dir_157,tt5460276
dir_70,tt3678782
dir_158,tt8110330
dir_159,tt4635372
dir_160,tt27219011
dir_161,tt15576290
dir_162,tt1980986
dir_163,tt23804378
dir_107,tt2855648
dir_84,tt26659814
dir_164,tt7638344
dir_165,tt0871510
dir_166,tt5571734
dir_11,tt1787988
dir_32,tt15260176
dir_167,tt1321869
dir_143,tt0111068
dir_168,tt3495030
dir_124,tt2461132
dir_169,tt1185420
dir_170,tt1185420
dir_171,tt27028399
dir_172,tt9851854
dir_173,tt10671436
dir_109,tt0461936
dir_107,tt27866861
dir_155,tt26658272
dir_88,tt1091229
dir_73,tt0995740
dir_174,tt22152120
dir_175,tt7721946
dir_176,tt5785170
dir_177,tt1185442
dir_178,tt5946128
dir_179,tt11314148
dir_180,tt8144834
dir_162,tt1573072
dir_181,tt3495026
dir_182,tt6988116
dir_183,tt8672856
dir_184,tt2621000
dir_127,tt6588966
dir_185,tt4434004
dir_117,tt0379370
dir_186,tt1479380
dir_187,tt2436516
dir_188,tt2436516
dir_133,tt3175038
dir_155,tt3148502
dir_189,tt13130948
dir_122,tt7218518
dir_94,tt0109555
dir_190,tt0272688
dir_191,tt2372222
dir_192,tt30889755
dir_56,tt2172071
dir_182,tt2172071
dir_134,tt0422091
dir_193,tt3337550
dir_181,tt18411490
dir_155,tt1839596
dir_90,tt6108090
dir_26,tt19755170
dir_73,tt1327035
dir_194,tt4559046
dir_175,tt4559046
dir_94,tt0118983
dir_123,tt1821480
dir_126,tt7212754
dir_195,tt11027830
dir_196,tt0448121
dir_197,tt4900716
dir_101,tt22743064
dir_102,tt22743064
dir_93,tt9531772
dir_129,tt1562871
dir_198,tt0066763
dir_56,tt0449999
dir_199,tt7529298
dir_200,tt15360286
dir_201,tt4435072
dir_151,tt1230448
dir_202,tt0233422
dir_203,tt36451978
dir_204,tt7919680
dir_205,tt2229842
dir_206,tt1620933
dir_12,tt0456144
dir_90,tt25504468
dir_151,tt0242519
dir_207,tt13438922
dir_207,tt13438922
dir_208,tt11934846
dir_209,tt5686868
dir_210,tt12393526
dir_211,tt0240200
dir_107,tt2317337
dir_133,tt1020937
dir_84,tt4169250
dir_212,tt12887208
dir_213,tt0439662
dir_214,tt1385824
dir_71,tt4977530
dir_110,tt3322420
dir_215,tt15441054
dir_122,tt15654262
dir_80,tt3709344
dir_122,tt15944428
dir_216,tt29674465
dir_110,tt7485048
dir_217,tt8426854
dir_218,tt8426854
dir_219,tt10895576
dir_10,tt10895576
dir_136,tt2574698
dir_220,tt11260832
dir_81,tt0449994
dir_182,tt2372678
dir_221,tt10350626
dir_222,tt10350626
dir_70,tt15392282
dir_223,tt1729637
dir_224,tt24517830
dir_225,tt15600222
dir_226,tt12567088
dir_227,tt12567088
dir_56,tt4559006
dir_228,tt0091328
dir_229,tt12915716
dir_230,tt1017456
dir_231,tt1017456
dir_232,tt7142506
dir_73,tt2882328
dir_233,tt35217961
dir_234,tt8366590
dir_235,tt5764096
dir_104,tt0488798
dir_236,tt0488798
dir_237,tt22892546
dir_238,tt2527238
dir_100,tt4934950
dir_239,tt13131232
dir_99,tt2395469
dir_210,tt14428598
dir_240,tt6967980
dir_195,tt3173910
dir_241,tt5690142
dir_242,tt13131350
dir_243,tt13131350
dir_118,tt11045422
dir_244,tt0265343
dir_184,tt5982852
dir_213,tt0272736
dir_245,tt0113526
dir_215,tt29120307
dir_151,tt1255951
dir_245,tt0432637
dir_246,tt1934231
dir_247,tt1934231
dir_248,tt6692354
dir_249,tt0419058
dir_250,tt6826438
dir_93,tt1806913
dir_104,tt6455162
dir_251,tt9263550
dir_57,tt14099334
dir_88,tt28153480
dir_70,tt1077248
dir_22,tt10930586
dir_252,tt4864932
dir_136,tt18072316
dir_117,tt15433600
dir_253,tt5764024
dir_230,tt0211934
dir_231,tt0211934
dir_126,tt4129428
dir_254,tt4129428
dir_255,tt6484982
dir_256,tt5165344
dir_155,tt5997666
dir_93,tt1948150
dir_131,tt0347416
dir_257,tt12834962
dir_258,tt1395054
dir_259,tt8907992
dir_230,tt0106333
dir_231,tt0106333
dir_260,tt10233718
dir_261,tt10233718
dir_99,tt15979666
dir_106,tt0499375
dir_262,tt10196464
dir_226,tt10196464
dir_263,tt3324810
dir_80,tt6978268
dir_264,tt14753612
dir_265,tt0085743
dir_266,tt9248972
dir_257,tt2359810
dir_55,tt0195002
dir_229,tt8108274
dir_267,tt0405266
dir_58,tt1328634
dir_92,tt0375611
dir_268,tt15434074
dir_136,tt7721800
dir_269,tt10888594
dir_270,tt22297828
dir_190,tt2140315
dir_18,tt2905838
dir_142,tt1324059
dir_271,tt0164550
dir_168,tt7147540
dir_263,tt16235600
dir_272,tt27936770
dir_98,tt8108268
dir_273,tt11460992
dir_126,tt1198101
dir_256,tt21262240
dir_274,tt0136153
dir_275,tt2283748
dir_117,tt0488414
dir_95,tt15128068
dir_271,tt0156985
dir_276,tt26655658
dir_179,tt1216300
dir_277,tt0216817
dir_178,tt2181931
dir_133,tt9877170
dir_278,tt29613587
dir_189,tt1985981
dir_212,tt4387040
dir_279,tt23220552
dir_245,tt0254481
dir_80,tt2181831
dir_280,tt27620861
dir_281,tt1373156
dir_246,tt32308617
dir_164,tt6277440
dir_55,tt0432047
dir_282,tt0086230
dir_283,tt7639372
dir_136,tt27501039
dir_284,tt18413766
dir_285,tt18951176
dir_277,tt0494290
dir_112,tt15073166
dir_148,tt15073166
dir_286,tt15073166
dir_113,tt15073166
dir_125,tt27930683
dir_55,tt0195231
dir_99,tt0886539
dir_81,tt3859980
dir_287,tt10243678
dir_288,tt12740760
dir_289,tt31514262
dir_290,tt0411469
dir_291,tt0811066
dir_241,tt14056466
dir_292,tt27940442
dir_293,tt15732324
dir_257,tt6527426
dir_30,tt1773764
dir_55,tt0296574
dir_294,tt9052960
dir_294,tt0920464
dir_92,tt2215477
dir_211,tt0150433
dir_27,tt14812784
dir_295,tt27012110
dir_253,tt0330843
dir_296,tt3044882
dir_107,tt7700730
dir_297,tt5918074
dir_94,tt0072860
dir_98,tt2309987
dir_244,tt0096028
dir_298,tt5668770
dir_136,tt5956100
dir_299,tt5956100
dir_273,tt15302222
dir_300,tt0991346
dir_301,tt10280276
dir_171,tt8907986
dir_93,tt7212726
dir_302,tt0222270
dir_303,tt3802576
dir_143,tt0189492
dir_220,tt15315164
dir_202,tt0222012
dir_304,tt1639426
dir_305,tt16377862
dir_126,tt0405507
dir_306,tt7469726
dir_126,tt0495032
dir_151,tt0371735
dir_171,tt2168910
dir_55,tt12357758
dir_307,tt0109206
dir_58,tt2016894
dir_308,tt0451850
dir_221,tt16227342
dir_277,tt0110076
dir_302,tt0346723
dir_245,tt1029231
dir_211,tt0116308
dir_34,tt7782402
dir_228,tt0119861
dir_309,tt0983990
dir_132,tt5970844
dir_245,tt0234000
dir_112,tt11142762
dir_310,tt11142762
dir_311,tt11142762
dir_312,tt11142762
dir_113,tt11142762
dir_246,tt6972140
dir_313,tt10309906
dir_314,tt0151150
dir_88,tt8869978
dir_155,tt2980794
dir_151,tt0805184
dir_55,tt10040978
dir_133,tt11947158
dir_79,tt15181064
dir_315,tt1411956
dir_129,tt15680228
dir_316,tt7527082
dir_8,tt10644708
dir_190,tt0319020
dir_129,tt7618184
dir_175,tt3679040
dir_317,tt14152140
dir_65,tt7778680
dir_197,tt10733228
dir_318,tt8504014
dir_105,tt0466460
dir_319,tt0466460
dir_166,tt23865712
dir_320,tt15567704
dir_97,tt7431594
dir_190,tt1887763
dir_321,tt6471054
dir_190,tt0307873
dir_322,tt13529034
dir_321,tt23864864
dir_323,tt12505468
dir_324,tt12505468
dir_165,tt1434447
dir_325,tt0348258
dir_326,tt13781794
dir_327,tt0222024
dir_328,tt0222024
dir_329,tt7329858
dir_330,tt9105014
dir_311,tt9105014
dir_205,tt22869490
dir_121,tt0795434
dir_331,tt0200087
dir_230,tt0418460
dir_231,tt0418460
dir_147,tt10515526
dir_22,tt0248185
dir_332,tt10309902
dir_164,tt3678938
dir_151,tt0437238
dir_333,tt6836936
dir_334,tt0050188
dir_335,tt28586009
dir_336,tt8902990
dir_271,tt7886848
dir_302,tt0120540
dir_337,tt0986213
dir_44,tt5713232
dir_338,tt3495000
dir_283,tt0845448
dir_133,tt0499041
dir_339,tt14914988
dir_58,tt7518786
dir_133,tt3483612
dir_340,tt2226666
dir_95,tt8055888
dir_129,tt13919802
dir_265,tt0110222
dir_341,tt3823392
dir_301,tt0807758
dir_342,tt0126234
dir_45,tt1433810
dir_343,tt15257644
dir_344,tt10062556
dir_179,tt2319889
dir_345,tt10543680
dir_104,tt13562602
dir_213,tt0378072
dir_346,tt22086334
dir_154,tt22086334
dir_170,tt7255568
dir_183,tt4430136
dir_347,tt0473367
dir_258,tt1954206
dir_97,tt9648672
dir_1,tt6170954
dir_303,tt1849718
dir_245,tt0136352
dir_348,tt2424988
dir_133,tt1918965
dir_58,tt5882970
dir_155,tt1275863
dir_145,tt0347332
dir_269,tt1084972
dir_145,tt1252596
dir_10,tt8908002
dir_349,tt0331639
dir_350,tt13028258
dir_15,tt1734110
dir_304,tt6206564
dir_271,tt0107166
dir_22,tt0102636
dir_351,tt0085178
dir_352,tt3717068
dir_123,tt1227762
dir_353,tt1620719
dir_10,tt15576460
dir_354,tt15145764
dir_215,tt0284137
dir_355,tt15314640
dir_356,tt0374271
dir_357,tt4807830
dir_258,tt0476884
dir_358,tt0119427
dir_359,tt0119239
dir_360,tt32607174
dir_157,tt0488906
dir_361,tt5286444
dir_301,tt2762334
dir_362,tt2609218
dir_91,tt1918886
dir_240,tt5005684
dir_92,tt0150992
dir_363,tt5120640
dir_364,tt27511275
dir_365,tt14295590
dir_269,tt2357926
dir_230,tt0278291
dir_231,tt0278291
dir_115,tt7725596
dir_366,tt3043252
dir_151,tt0453671
dir_94,tt0102258
dir_361,tt13510660
dir_367,tt13510660
dir_93,tt0495034
dir_368,tt11905536
dir_133,tt0451983
dir_369,tt0156014
dir_370,tt0346457
dir_371,tt9248934
dir_73,tt7180544
dir_372,tt7180544
dir_189,tt3679060
dir_314,tt0112313
dir_258,tt10761694
dir_373,tt10761694
dir_150,tt5311546
dir_374,tt5311546
dir_375,tt13885320
dir_206,tt1828289
dir_271,tt0101733
dir_8,tt15416100
dir_103,tt5310090
dir_43,tt2556308
dir_376,tt0088335
dir_110,tt13334578
dir_301,tt0418362
dir_307,tt0093578
dir_81,tt8176040
dir_93,tt1562859
dir_377,tt2429640
dir_378,tt1188982
dir_230,tt1375789
dir_231,tt1375789
dir_73,tt5662932
dir_151,tt1455811
dir_379,tt1447508
dir_380,tt1447508
dir_381,tt0059246
dir_295,tt10083640
dir_183,tt7581902
dir_98,tt4228746
dir_382,tt3224288
dir_383,tt10350922
dir_384,tt10350922
dir_385,tt14479746
dir_277,tt0100095
dir_386,tt26225118
dir_387,tt5197544
dir_388,tt0290820
dir_314,tt0104561
dir_259,tt4814290
dir_389,tt0072777
dir_390,tt8960382
dir_67,tt7027278
dir_391,tt6923462
dir_124,tt1572311
dir_55,tt2635622
dir_129,tt0290326
dir_392,tt0290326
dir_393,tt0114726
dir_80,tt15175188
dir_394,tt0109134
dir_395,tt4232066
dir_206,tt2073070
dir_93,tt1728986
dir_396,tt0260494
dir_397,tt0260494
dir_398,tt30022888
dir_399,tt30022888
dir_400,tt6531196
dir_401,tt6971752
dir_323,tt3614516
dir_20,tt15516226
dir_269,tt2077833
dir_402,tt0379375
dir_88,tt2385104
dir_403,tt0054098
dir_404,tt1014672
dir_8,tt1455816
dir_405,tt0453729
dir_394,tt0266260
dir_406,tt0299108
dir_269,tt0403935
dir_407,tt10318332
dir_408,tt23709962
dir_409,tt23709962
dir_208,tt4333674
dir_164,tt16077702
dir_22,tt0109010
dir_410,tt5866300
dir_411,tt0091284
dir_169,tt6593054
dir_393,tt0098999
dir_55,tt0266875
dir_363,tt3001638
dir_73,tt5474036
dir_190,tt0444781
dir_412,tt1836912
dir_413,tt9390222
dir_252,tt1144804
dir_250,tt1629391
dir_105,tt7094488
dir_301,tt0451803
dir_296,tt0348843
dir_32,tt3019620
dir_414,tt2976182
dir_93,tt1092005
dir_106,tt0382383
dir_415,tt0833484
dir_416,tt0833484
dir_283,tt2476154
dir_93,tt11112808
dir_417,tt27626564
dir_418,tt3177332
dir_132,tt0995752
dir_234,tt6843812
dir_154,tt9248940
dir_295,tt1890513
dir_166,tt15048606
dir_419,tt2186933
dir_117,tt1629376
dir_162,tt0806088
dir_412,tt0315642
dir_420,tt0173369
dir_421,tt1049405
dir_422,tt3369670
dir_283,tt0133024
dir_423,tt1883121
dir_224,tt7853242
dir_375,tt1949548
dir_295,tt5743656
dir_230,tt0256692
dir_231,tt0256692
dir_18,tt0456165
dir_424,tt0102701
dir_425,tt0102701
dir_354,tt5842616
dir_230,tt0104605
dir_231,tt0104605
dir_246,tt5156746
dir_134,tt0322653
dir_44,tt3410408
dir_426,tt21857112
dir_427,tt15614274
dir_180,tt15654502
dir_304,tt6129302
dir_363,tt6265988
dir_117,tt8396128
dir_428,tt0331256
dir_302,tt1105733
dir_429,tt26445483
dir_430,tt9179426
dir_190,tt0377340
dir_431,tt6926486
dir_150,tt0220832
dir_39,tt25434258
dir_67,tt12861850
dir_224,tt19864958
dir_318,tt13449624
dir_257,tt9766332
dir_213,tt1191138
dir_432,tt0116950
dir_433,tt8647400
dir_429,tt6712014
dir_104,tt0451833
dir_290,tt10230414
dir_434,tt10230414
dir_435,tt0088099
dir_211,tt1714866
dir_436,tt8581230
dir_412,tt10840884
dir_126,tt0430702
dir_437,tt0232960
dir_438,tt5780570
dir_151,tt0451787
dir_149,tt0081491
dir_439,tt0307682
dir_202,tt2199711
dir_181,tt1610452
dir_440,tt2049630
dir_441,tt1244093
dir_145,tt0319736
dir_356,tt0255212
dir_442,tt6964940
dir_89,tt5108476
dir_443,tt23036080
dir_444,tt0497915
dir_445,tt13793230
dir_228,tt0152836
dir_446,tt0110280
dir_447,tt0050870
dir_44,tt1992138
dir_448,tt10230422
dir_80,tt5121000
dir_277,tt15309708
dir_57,tt9420648
dir_449,tt8371204
dir_112,tt14091818
dir_159,tt14091818
dir_450,tt14091818
dir_451,tt14091818
dir_113,tt14091818
dir_452,tt1714832
dir_311,tt1714832
dir_175,tt10699086
dir_453,tt13070226
dir_184,tt1773015
dir_212,tt5745450
dir_180,tt2408040
dir_454,tt5338620
dir_283,tt0206921
dir_455,tt27330026
dir_18,tt1182972
dir_151,tt1708453
dir_456,tt0337578
dir_457,tt0070935
dir_458,tt1351224
dir_265,tt0328998
dir_459,tt13545522
dir_460,tt13545522
dir_435,tt0079590
dir_461,tt3619772
dir_353,tt2576450
dir_462,tt8108196
dir_463,tt14398454
dir_145,tt0116407
dir_371,tt3726012
dir_250,tt11783766
dir_358,tt0126871
dir_464,tt15891396
dir_88,tt1172587
dir_67,tt1230165
dir_151,tt0464160
dir_8,tt0464160
dir_465,tt25134642
dir_466,tt25134642
dir_190,tt6958030
dir_94,tt0079386
dir_301,tt0101616
dir_467,tt0307116
dir_468,tt2389974
dir_162,tt3036740
dir_469,tt9390240
dir_470,tt0059709
dir_271,tt0172234
dir_429,tt2806788
dir_471,tt28631109
dir_121,tt0306434
dir_406,tt2126282
dir_472,tt10598156
dir_271,tt0107060
dir_121,tt0390614
dir_55,tt1664809
dir_370,tt3449292
dir_157,tt0294662
dir_94,tt0083081
dir_405,tt2976176
dir_473,tt0346172
dir_474,tt1223922
dir_55,tt0341266
dir_475,tt0330082
dir_476,tt4262516
dir_112,tt10230404
dir_99,tt10230404
dir_105,tt10230404
dir_56,tt10230404
dir_113,tt10230404
dir_122,tt4744086
dir_15,tt1241195
dir_477,tt10443846
dir_153,tt8108206
dir_478,tt0079355
dir_479,tt2166214
dir_480,tt2658126
dir_184,tt13773882
dir_253,tt0448206
dir_104,tt6272828
dir_190,tt1600439
dir_126,tt0371922
dir_73,tt0356982
dir_481,tt10235600
dir_101,tt0449306
dir_102,tt0449306
dir_88,tt4467202
dir_482,tt14107554
dir_423,tt28152747
dir_483,tt11213600
dir_484,tt8404998
dir_485,tt0246825
dir_486,tt10098288
dir_487,tt10098288
dir_228,tt0107311
dir_488,tt21818816
dir_489,tt11163028
dir_354,tt11163028
dir_490,tt0079749
dir_491,tt0079749
dir_97,tt5235880
dir_492,tt0208903
dir_230,tt0326576
dir_231,tt0326576
dir_7,tt8550208
dir_100,tt9614460
dir_381,tt0061842
dir_67,tt4399594
dir_493,tt24973142
dir_494,tt0397742
dir_495,tt15281704
dir_478,tt0326983
dir_301,tt0106204
dir_11,tt6173990
dir_356,tt9569610
dir_185,tt8108200
dir_69,tt9680136
dir_496,tt1907761
dir_311,tt1907761
dir_92,tt1438298
dir_497,tt0214178
dir_498,tt0214178
dir_499,tt33084735
dir_500,tt34901083
dir_97,tt3679000
dir_501,tt0362771
dir_112,tt0477252
dir_502,tt0477252
dir_230,tt0477252
dir_231,tt0477252
dir_113,tt0477252
dir_126,tt0800956
dir_155,tt10023024
dir_122,tt1532957
dir_73,tt2979920
dir_93,tt1433905
dir_501,tt14418234
dir_215,tt1185412
dir_503,tt0213611
dir_504,tt5212160
dir_88,tt4467262
dir_271,tt0083578
dir_505,tt0364621
dir_230,tt0435437
dir_231,tt0435437
dir_234,tt11873440
dir_506,tt30893648
dir_507,tt0415003
dir_301,tt0119428
dir_81,tt0121989
dir_112,tt0476649
dir_508,tt0476649
dir_193,tt0476649
dir_162,tt0476649
dir_113,tt0476649
dir_193,tt1183946
dir_509,tt20854856
dir_358,tt0250415
dir_88,tt0485272
dir_371,tt8202612
dir_510,tt0443208
dir_269,tt2369154
dir_215,tt0397882
dir_511,tt0397882
dir_512,tt15416106
dir_386,tt18568902
dir_513,tt0069810
dir_514,tt15715122
dir_375,tt1727496
dir_151,tt0995035
dir_515,tt0995035
dir_269,tt7059844
dir_516,tt5301942
dir_517,tt11816092
dir_170,tt2275794
dir_518,tt14407884
dir_519,tt6349528
dir_107,tt10333912
dir_520,tt10333912
dir_521,tt27226009
dir_522,tt0248012
dir_523,tt0220757
dir_524,tt21908676
dir_104,tt1708532
dir_255,tt10741542
dir_391,tt21998526
dir_228,tt0214841
dir_525,tt13130532
dir_526,tt13130532
dir_263,tt2798620
dir_411,tt0094958
dir_527,tt6915770
dir_528,tt0300028
dir_529,tt8130904
dir_530,tt28356014
dir_8,tt9614452
dir_531,tt14071150
dir_532,tt0451631
dir_533,tt27930156
dir_534,tt9054970
dir_535,tt5013008
dir_536,tt1578261
dir_381,tt0154685
dir_73,tt14042066
dir_537,tt15193162
dir_538,tt19864942
dir_362,tt2222550
dir_539,tt9115574
dir_190,tt0190419
dir_44,tt1266583
dir_117,tt1274295
dir_394,tt0267130
dir_112,tt4874298
dir_540,tt4874298
dir_541,tt4874298
dir_73,tt4874298
dir_113,tt4874298
dir_136,tt21848358
dir_542,tt21848358
dir_165,tt0402014
dir_543,tt2912578
dir_73,tt11651780
dir_301,tt0118673
dir_105,tt1608777
dir_527,tt3431714
dir_198,tt0068257
dir_447,tt0052954
dir_544,tt0286705
dir_362,tt4271730
dir_513,tt0066070
dir_545,tt5775536
dir_149,tt0078222
dir_112,tt2418644
dir_546,tt2418644
dir_547,tt2418644
dir_548,tt2418644
dir_113,tt2418644
dir_549,tt13364468
dir_348,tt6903440
dir_85,tt6903440
dir_550,tt0310254
dir_551,tt10885444
dir_290,tt15832148
dir_402,tt0953306
dir_80,tt8983164
dir_190,tt1301698
dir_354,tt3554418
dir_194,tt2978626
dir_175,tt2978626
dir_452,tt2308773
dir_552,tt0063404
dir_435,tt0084385
dir_553,tt12882620
dir_554,tt12882620
dir_555,tt0330217
dir_303,tt8426926
dir_556,tt27671792
dir_136,tt1740710
dir_557,tt31015496
dir_558,tt28568397
dir_532,tt1291465
dir_513,tt0058547
dir_283,tt1728239
dir_559,tt0392360
dir_230,tt1784589
dir_231,tt1784589
dir_301,tt0207341
dir_560,tt0070637
dir_18,tt0833553
dir_105,tt2072227
dir_277,tt0265148
dir_394,tt0254179
dir_271,tt0149573
dir_318,tt15516726
dir_561,tt2130242
dir_290,tt1754920
dir_110,tt14438964
dir_151,tt0120456
dir_358,tt0272062
dir_562,tt0117437
dir_301,tt0119285
dir_127,tt1428459
dir_563,tt0154565
dir_564,tt0456500
dir_157,tt10483386
dir_359,tt0110546
dir_149,tt0152256
dir_565,tt1158700
dir_145,tt0106655
dir_566,tt1242782
dir_93,tt1039989
dir_567,tt13534808
dir_226,tt13534808
dir_228,tt0248617
dir_155,tt0451919
dir_568,tt21403688
dir_569,tt21403688
dir_570,tt13022984
dir_411,tt0246879
dir_571,tt1288638
dir_572,tt27940347
dir_275,tt11433822
dir_573,tt0476527
dir_133,tt5474042
dir_518,tt0071145
dir_574,tt0146645
dir_177,tt2392447
dir_566,tt0415908
dir_490,tt0152509
dir_491,tt0152509
dir_575,tt0152509
dir_576,tt3729994
dir_577,tt15361028
dir_183,tt1926313
dir_228,tt0098168
dir_578,tt0408976
dir_458,tt1050739
dir_423,tt0349333
dir_187,tt1370429
dir_188,tt1370429
dir_206,tt0362696
dir_444,tt4082968
dir_94,tt0078418
dir_524,tt10964468
dir_435,tt0070947
dir_104,tt0337971
dir_579,tt0348187
dir_580,tt7471004
dir_151,tt8983220
dir_55,tt1727535
dir_94,tt0059893
dir_581,tt13825336
dir_582,tt0121352
dir_73,tt1580704
dir_230,tt1020978
dir_231,tt1020978
dir_583,tt9637132
dir_222,tt9637132
dir_283,tt4675030
dir_67,tt2213054
dir_245,tt0107321
dir_34,tt5784860
dir_302,tt0173102
dir_584,tt0331479
dir_585,tt0215132
dir_437,tt0215132
dir_104,tt1146325
dir_93,tt2309764
dir_34,tt0476729
dir_105,tt14398312
dir_230,tt0211634
dir_231,tt0211634
dir_179,tt1522329
dir_586,tt12498060
dir_587,tt0102846
dir_198,tt0072783
dir_181,tt1954598
dir_588,tt7363104
dir_570,tt7363104
dir_589,tt3771536
dir_273,tt3771536
dir_590,tt2112131
dir_591,tt10463030
dir_55,tt0114234
dir_592,tt5705876
dir_411,tt0361505
dir_593,tt0244794
dir_594,tt6950476
dir_269,tt3696192
dir_370,tt0240879
dir_595,tt0077451
dir_190,tt5518128
dir_370,tt1239276
dir_132,tt18561736
dir_562,tt0255111
dir_513,tt0048613
dir_584,tt0227194
dir_596,tt0248216
dir_474,tt4906984
dir_597,tt0897413
dir_375,tt0964516
dir_503,tt0075669
dir_228,tt0123102
dir_121,tt1396208
dir_91,tt0456481
dir_275,tt1391544
dir_301,tt0110942
dir_598,tt0061744
dir_599,tt6078866
dir_190,tt5639388
dir_140,tt13732212
dir_257,tt1694542
dir_50,tt1202540
dir_600,tt0498351
dir_601,tt0149568
dir_314,tt0095936
dir_501,tt0422236
dir_215,tt7722258
dir_602,tt0291376
dir_258,tt4906960
dir_120,tt28221135
dir_121,tt28221135
dir_603,tt0076696
dir_604,tt26885613
dir_444,tt0440590
dir_358,tt0346507
dir_157,tt4323504
dir_265,tt0250483
dir_605,tt0267617
dir_606,tt15458936
dir_607,tt15458936
dir_258,tt1891884
dir_608,tt17592606
dir_609,tt17592606
dir_98,tt1120897
dir_301,tt5456546
dir_610,tt5456546
dir_505,tt0286593
dir_461,tt4865436
dir_173,tt13143988
dir_70,tt0352314
dir_18,tt1499201
dir_378,tt0233856
dir_611,tt4640206
dir_301,tt1343362
dir_461,tt5638474
dir_612,tt10743280
dir_205,tt0477253
dir_176,tt7720922
dir_613,tt8747450
dir_614,tt4990516
dir_11,tt0808306
dir_615,tt28500558
dir_616,tt6275262
dir_358,tt0247944
dir_15,tt8484942
dir_617,tt0488836
dir_618,tt0488836
dir_151,tt0476805
dir_287,tt2027138
dir_93,tt0382385
dir_117,tt0457802
dir_311,tt1629241
dir_151,tt1629241
dir_190,tt3619854
dir_105,tt3447364
dir_619,tt1627924
dir_405,tt1105709
dir_301,tt0247992
dir_620,tt1114725
dir_228,tt0102844
dir_538,tt2406676
dir_621,tt8983180
dir_187,tt3017412
dir_188,tt3017412
dir_622,tt0839742
dir_129,tt0415768
dir_551,tt0415768
dir_366,tt1183917
dir_283,tt13795296
dir_623,tt9098938
dir_624,tt0094979
dir_589,tt0485513
dir_358,tt0151090
dir_301,tt0173283
dir_131,tt0104645
dir_271,tt0112738
dir_625,tt3796006
dir_626,tt0085165
dir_555,tt0111793
dir_104,tt0173081
dir_627,tt5909308
dir_129,tt10964430
dir_357,tt9176296
dir_628,tt5615116
dir_629,tt8983168
dir_205,tt8983168
dir_347,tt1322257
dir_439,tt0111308
dir_448,tt22480126
dir_98,tt23554840
dir_630,tt13623916
dir_631,tt13623916
dir_113,tt13623916
dir_632,tt12631660
dir_633,tt21836384
dir_381,tt0061073
dir_476,tt3382148
dir_131,tt0089201
dir_405,tt4088588
dir_170,tt1667838
dir_634,tt8698956
dir_635,tt21419928
dir_277,tt3595298
dir_550,tt0122427
dir_280,tt2178508
dir_636,tt2178508
dir_637,tt0106653
dir_571,tt18923048
dir_638,tt0210659
dir_639,tt2976172
dir_640,tt2976172
dir_283,tt0114230
dir_43,tt5465370
dir_198,tt0079221
dir_230,tt4302956
dir_231,tt4302956
dir_641,tt4302956
dir_350,tt9052936
dir_304,tt11651796
dir_88,tt1535467
dir_642,tt0079938
dir_643,tt27208639
dir_644,tt29301456
dir_375,tt19838608
dir_342,tt0114231
dir_645,tt8983228
dir_646,tt27116571
dir_630,tt1805263
dir_647,tt1805263
dir_113,tt1805263
dir_648,tt11229134
dir_253,tt7690638
dir_579,tt0306855
dir_252,tt3142232
dir_649,tt7981260
dir_411,tt0105866
dir_650,tt10569922
dir_257,tt2140465
dir_651,tt6537508
dir_525,tt6537508
dir_652,tt0101283
dir_653,tt0101283
dir_654,tt8907974
dir_112,tt13491620
dir_88,tt13491620
dir_163,tt13491620
dir_655,tt13491620
dir_113,tt13491620
dir_656,tt19888200
dir_657,tt26744890
dir_435,tt0082644
dir_206,tt2362778
dir_84,tt6774212
dir_658,tt6774212
dir_503,tt0082797
dir_659,tt0047990
dir_518,tt0255713
dir_294,tt3742284
dir_660,tt20319598
dir_112,tt2797242
dir_99,tt2797242
dir_105,tt2797242
dir_56,tt2797242
dir_113,tt2797242
dir_412,tt31100872
dir_661,tt4396648
dir_271,tt0156658
dir_662,tt0119760
dir_70,tt1395025
dir_283,tt0406977
dir_179,tt3483712
dir_663,tt12887178
dir_259,tt22099068
dir_664,tt9691290
dir_665,tt0064915
dir_301,tt0162480
dir_412,tt2358412
dir_370,tt0137100
dir_666,tt0102825
dir_667,tt0995718
dir_94,tt0097045
dir_668,tt0120551
dir_247,tt6102396
dir_669,tt8458202
dir_670,tt8706884
dir_491,tt0114317
dir_518,tt1397492
dir_671,tt28494851
dir_193,tt13723562
dir_456,tt0158534
dir_272,tt15206368
dir_491,tt0106206
dir_378,tt0173080
dir_177,tt13562940
dir_98,tt0454431
dir_439,tt0254683
dir_185,tt1345777
dir_672,tt5316648
dir_452,tt3398052
dir_673,tt28684462
dir_372,tt28684462
dir_659,tt0050665
dir_252,tt6117702
dir_474,tt2571140
dir_94,tt0074730
dir_583,tt4949324
dir_234,tt0426075
dir_615,tt13698928
dir_674,tt13698928
dir_340,tt0399942
dir_505,tt0490170
dir_675,tt1602476
dir_156,tt5050788
dir_676,tt6711660
dir_511,tt1742307
dir_358,tt0187227
dir_447,tt0048392
dir_677,tt1194608
dir_563,tt0154591
dir_280,tt1176960
dir_678,tt30322899
dir_323,tt1179782
dir_679,tt8108208
dir_680,tt0187192
dir_448,tt2804026
dir_681,tt0244528
dir_682,tt22188452
dir_683,tt6514196
dir_684,tt6514196
dir_110,tt1841542
dir_26,tt1841542
dir_133,tt1340838
dir_253,tt0833476
dir_685,tt0329354
dir_330,tt8852558
dir_150,tt0255309
dir_157,tt2301155
dir_686,tt28362963
dir_687,tt28362963
dir_375,tt4897908
dir_688,tt5600714
dir_689,tt5978194
dir_690,tt5978194
dir_180,tt15048614
dir_691,tt1509732
dir_263,tt29114624
dir_532,tt4979082
dir_432,tt0091256
dir_149,tt0066766
dir_692,tt10393870
dir_131,tt0485522
dir_693,tt21398196
dir_694,tt0247394
dir_112,tt5207116
dir_695,tt5207116
dir_696,tt5207116
dir_697,tt5207116
dir_113,tt5207116
dir_698,tt0311413
dir_104,tt3159708
dir_587,tt0359614
dir_699,tt14988886
dir_700,tt14988886
dir_701,tt28282716
dir_564,tt0493437
dir_702,tt0385351
dir_703,tt0385351
dir_271,tt0105515
dir_215,tt0814014
dir_190,tt0374660
dir_704,tt11112526
dir_234,tt0493417
dir_69,tt5472758
dir_705,tt0090575
dir_215,tt0119596
dir_659,tt0045693
dir_394,tt0278315
dir_263,tt4171600
dir_253,tt17736704
dir_706,tt0065936
dir_707,tt16747572
dir_708,tt15145772
dir_226,tt15145772
dir_709,tt15145772
dir_710,tt33095240
dir_556,tt5472374
dir_711,tt4857886
dir_706,tt0066758
dir_301,tt0267548
dir_123,tt5477608
dir_712,tt7335176
dir_371,tt10739666
dir_117,tt4909752
dir_513,tt0084532
dir_290,tt0383975
dir_283,tt0101437
dir_713,tt0130197
dir_106,tt1334470
dir_271,tt0211126
dir_185,tt2675978
dir_503,tt0089552
dir_714,tt0089552
dir_715,tt0089552
dir_532,tt0373856
dir_252,tt10687220
dir_716,tt10687220
dir_355,tt2255934
dir_717,tt5502766
dir_700,tt5502766
dir_658,tt5502766
dir_718,tt0173156
dir_304,tt2224317
dir_246,tt1772872
dir_104,tt1720254
dir_719,tt23752842
dir_596,tt0470869
dir_431,tt1629715
dir_720,tt4022278
dir_378,tt5943306
dir_198,tt0083636
dir_721,tt8984572
dir_722,tt27866501
dir_145,tt0293342
dir_723,tt6978954
dir_283,tt0099429
dir_724,tt9172840
dir_660,tt35433415
dir_725,tt5542802
dir_126,tt0348662
dir_726,tt0348662
dir_727,tt0056436
dir_728,tt11328542
dir_190,tt0247911
dir_271,tt0205445
dir_583,tt0347779
dir_393,tt0102071
dir_729,tt0429289
dir_730,tt25403492
dir_731,tt3886444
dir_732,tt3611266
dir_733,tt6467738
dir_542,tt6467738
dir_451,tt6467738
dir_301,tt0105394
dir_426,tt8011712
dir_518,tt0349878
dir_734,tt20452454
dir_735,tt28024755
dir_456,tt0419468
dir_104,tt0430202
dir_73,tt27502523
dir_736,tt0074417
dir_228,tt0084324
dir_405,tt0824316
dir_737,tt13989310
dir_738,tt13989310
dir_739,tt5358948
dir_740,tt5358948
dir_94,tt0150251
dir_145,tt0099652
dir_240,tt8983166
dir_668,tt0369516
dir_131,tt0250690
dir_741,tt0250690
dir_351,tt0364303
dir_728,tt5983262
dir_742,tt0170704
dir_215,tt0423313
dir_61,tt15121860
dir_479,tt4023852
dir_579,tt0287111
dir_253,tt3380264
dir_743,tt9070934
dir_744,tt9108892
dir_336,tt2929690
dir_745,tt2929690
dir_746,tt6269658
dir_637,tt0101244
dir_747,tt6354784
dir_149,tt0084667
dir_748,tt0845529
dir_491,tt0239495
dir_749,tt0147811
dir_750,tt11102314
dir_351,tt0153545
dir_751,tt0082594
dir_752,tt0072100
dir_391,tt1263679
dir_753,tt32481179
dir_518,tt0085896
dir_363,tt9558612
dir_754,tt0312664
dir_755,tt11508224
dir_181,tt2988272
dir_756,tt1083988
dir_104,tt1431122
dir_757,tt10916102
dir_94,tt0096390
dir_758,tt0082314
dir_759,tt3794302
dir_503,tt0095198
dir_760,tt4500734
dir_761,tt10152736
dir_762,tt0187338
dir_330,tt9248952
dir_92,tt0758053
dir_763,tt35162972
dir_187,tt5613834
dir_188,tt5613834
dir_258,tt0206067
dir_301,tt0118957
dir_475,tt3309662
dir_764,tt27862531
dir_162,tt2344678
dir_92,tt0116763
dir_131,tt0096896
dir_204,tt10895556
dir_197,tt1703958
dir_765,tt22932536
dir_766,tt0106203
dir_752,tt0234542
dir_767,tt0295682
dir_58,tt0770214
dir_150,tt0337633
dir_300,tt27425654
dir_768,tt0477857
dir_769,tt2404027
dir_770,tt2404027
dir_771,tt2404027
dir_772,tt0101732
dir_55,tt0251756
dir_526,tt13912632
dir_773,tt0102835
dir_22,tt0459605
dir_228,tt1105747
dir_359,tt0100816
dir_375,tt0363409
dir_66,tt11046300
dir_774,tt2193145
dir_775,tt4354740
dir_26,tt3531852
dir_358,tt0444840
dir_776,tt8622232
dir_777,tt2939912
dir_250,tt3848888
dir_358,tt0272607
dir_778,tt7463730
dir_117,tt0341455
dir_187,tt1916728
dir_188,tt1916728
dir_779,tt0348656
dir_780,tt0348656
dir_152,tt28654369
dir_301,tt1830786
dir_107,tt0473567
dir_394,tt0266439
dir_781,tt7384848
dir_359,tt0130350
dir_782,tt1570417
dir_432,tt0178186
dir_291,tt2357489
dir_117,tt2106537
dir_783,tt0165625
dir_784,tt0068305
dir_473,tt0068305
dir_785,tt7647198
dir_356,tt0443331
dir_786,tt7820846
dir_131,tt7162758
dir_787,tt0310865
dir_788,tt27139868
dir_301,tt0172188
dir_55,tt13847502
dir_789,tt0168516
dir_133,tt0833561
dir_125,tt0433425
dir_790,tt6028796
dir_110,tt4007558
dir_356,tt0442855
dir_791,tt11134856
dir_792,tt10305616
dir_193,tt17425020
dir_621,tt23846874
dir_466,tt23846874
dir_432,tt0216019
dir_457,tt0076167
dir_793,tt24245466
dir_280,tt6173826
dir_794,tt15717242
dir_145,tt0210609
dir_752,tt0234724
dir_795,tt0430328
dir_577,tt6791730
dir_145,tt10351180
dir_796,tt15964308
dir_797,tt15964308
dir_798,tt11691696
dir_637,tt0115484
dir_799,tt0359990
dir_151,tt1170404
dir_206,tt7695014
dir_446,tt0213775
dir_250,tt8304386
dir_800,tt8304386
dir_190,tt9378950
dir_801,tt0291883
dir_668,tt0252277
dir_802,tt13288022
dir_803,tt5359624
dir_804,tt0411815
dir_796,tt5785116
dir_805,tt0078241
dir_647,tt6143422
dir_215,tt2437954
dir_432,tt0216067
dir_145,tt0218533
dir_806,tt29310746
dir_271,tt0091598
dir_389,tt0157339
dir_396,tt0260411
dir_397,tt0260411
dir_432,tt0215517
dir_662,tt0363666
dir_807,tt21391884
dir_666,tt0284811
dir_263,tt10288820
dir_808,tt10288820
dir_605,tt0111625
dir_809,tt5997928
dir_22,tt0089413
dir_307,tt0085913
dir_810,tt7881524
dir_338,tt0985636
dir_811,tt0213753
dir_812,tt3483646
dir_813,tt0371974
dir_723,tt4683366
dir_814,tt13859494
dir_375,tt0488381
dir_190,tt3848938
dir_271,tt0108144
dir_97,tt2321163
dir_55,tt0490210
dir_145,tt13801462
dir_815,tt3415692
dir_338,tt8427036
dir_706,tt0079236
dir_816,tt0139157
dir_562,tt0308347
dir_370,tt0114031
dir_461,tt5325684
dir_55,tt1999935
dir_817,tt14490618
dir_766,tt0182251
dir_513,tt0152139
dir_818,tt0292740
dir_662,tt0118654
dir_220,tt5697870
dir_150,tt0263491
dir_819,tt13577982
dir_301,tt0297241
dir_820,tt13144076
dir_157,tt0267246
dir_287,tt1170399
dir_821,tt1629295
dir_822,tt10062614
dir_657,tt1738293
dir_823,tt5049906
dir_81,tt1242530
dir_587,tt0084630
dir_306,tt21613328
dir_824,tt2150177
dir_7,tt0384491
dir_825,tt11953628
dir_487,tt11953628
dir_826,tt1558578
dir_827,tt2171454
dir_389,tt0072064
dir_828,tt2122340
dir_829,tt7613166
dir_830,tt5914630
dir_58,tt3469244
dir_831,tt9472208
dir_796,tt6265050
dir_198,tt0244585
dir_832,tt0345177
dir_833,tt3698454
dir_206,tt3698454
dir_834,tt0077792
dir_835,tt5717110
dir_129,tt5717110
dir_836,tt5717110
dir_837,tt1190894
dir_271,tt0088031
dir_375,tt0267363
dir_838,tt0214665
dir_839,tt5886216
dir_840,tt5178120
dir_841,tt8998738
dir_104,tt9495690
dir_842,tt9248996
dir_843,tt0813996
dir_844,tt9511468
dir_845,tt13491678
dir_55,tt0824375
dir_846,tt0268401
dir_503,tt0085361
dir_847,tt0085361
dir_848,tt14339846
dir_213,tt2354407
dir_849,tt7777196
dir_850,tt7777196
dir_151,tt1706317
dir_851,tt0105500
dir_301,tt0246905
dir_198,tt0244567
dir_574,tt0128985
dir_749,tt0268166
dir_1,tt0831840
dir_258,tt0387989
dir_852,tt1016159
dir_853,tt1736552
dir_98,tt1890363
dir_854,tt0359325
dir_437,tt0060689
dir_359,tt0285958
dir_351,tt0080322
dir_855,tt0115568
dir_856,tt29298252
dir_94,tt0085912
dir_857,tt0470381
dir_150,tt0305455
dir_668,tt0340178
dir_330,tt2417560
dir_228,tt0214832
dir_280,tt1578116
dir_858,tt7805960
dir_55,tt0118931
dir_859,tt4272420
dir_860,tt5290620
dir_444,tt0391099
dir_861,tt0327071
dir_496,tt9176086
dir_389,tt0079526
dir_862,tt0107821
dir_863,tt1808221
dir_864,tt1808221
dir_626,tt0230055
dir_642,tt0082162
dir_69,tt1182884
dir_228,tt0084866
dir_157,tt33246678
dir_573,tt0369637
dir_562,tt0363472
dir_865,tt1785333
dir_145,tt2615584
dir_157,tt0430381
dir_866,tt0430381
dir_393,tt0104607
dir_579,tt0157316
dir_571,tt1884268
dir_797,tt1884268
dir_867,tt8785426
dir_868,tt0110438
dir_354,tt15238986
dir_869,tt15238986
dir_321,tt8476998
dir_151,tt2278422
dir_870,tt0364604
dir_235,tt3302962
dir_871,tt6467380
dir_872,tt6467380
dir_248,tt0456413
dir_873,tt0456413
dir_626,tt0116726
dir_518,tt0074858
dir_351,tt0248289
dir_874,tt5543746
dir_34,tt0328729
dir_851,tt0083349
dir_532,tt0216707
dir_875,tt13878694
dir_394,tt0118525
dir_358,tt0286724
dir_267,tt1946280
dir_876,tt0438875
dir_877,tt0378025
dir_275,tt3547616
dir_256,tt5638500
dir_446,tt0105599
dir_94,tt0107777
dir_637,tt0185335
dir_878,tt0305173
dir_879,tt0305173
dir_215,tt0347167
dir_133,tt1753640
dir_532,tt10199974
dir_880,tt10199974
dir_122,tt0976026
dir_491,tt0246729
dir_437,tt0064241
dir_881,tt13820270
dir_437,tt0231150
dir_882,tt0102705
dir_478,tt0074949
dir_883,tt14934060
dir_884,tt27689950
dir_97,tt1667076
dir_129,tt0872190
dir_826,tt0444913
dir_190,tt1971365
dir_885,tt0098976
dir_432,tt0215900
dir_396,tt0259877
dir_397,tt0259877
dir_437,tt0232081
dir_886,tt0073034
dir_301,tt0328671
dir_338,tt0437407
dir_519,tt0338477
dir_271,tt0220594
dir_501,tt0220594
dir_80,tt6405126
dir_505,tt0337611
dir_887,tt21387380
dir_22,tt0189633
dir_169,tt1609138
dir_620,tt1773109
dir_587,tt0366616
dir_190,tt11027850
dir_888,tt9890322
dir_573,tt1618430
dir_563,tt0154749
dir_889,tt14332510
dir_751,tt0093949
dir_890,tt0103763
dir_891,tt0098491
dir_892,tt1137434
dir_893,tt0272118
dir_894,tt4600778
dir_895,tt0444849
dir_896,tt0444849
dir_183,tt2423132
dir_171,tt0412308
dir_897,tt28455891
dir_898,tt27802487
dir_899,tt18266472
dir_900,tt18266472
dir_342,tt0379272
dir_901,tt0246456
dir_513,tt0043306
dir_752,tt0233464
dir_902,tt0226847
dir_903,tt14922300
dir_15,tt2246724
dir_55,tt0473310
dir_301,tt0245825
dir_491,tt0100857
dir_492,tt0317312
dir_851,tt0076259
dir_503,tt0083820
dir_749,tt0058921
dir_437,tt0049041
dir_904,tt3683702
dir_905,tt3683702
dir_98,tt3840534
dir_906,tt2246595
dir_503,tt0076527
dir_765,tt9390026
dir_907,tt3129282
dir_381,tt0154706
dir_908,tt0049072
dir_100,tt0307866
dir_121,tt0486615
dir_706,tt0268220
dir_370,tt0087417
dir_909,tt0281913
dir_818,tt0099080
dir_491,tt0111780
dir_910,tt1182908
dir_245,tt0248135
dir_228,tt0396690
dir_115,tt3398048
dir_492,tt0364049
dir_579,tt0102513
dir_911,tt0102513
dir_663,tt8472964
dir_912,tt8472964
dir_626,tt0260345
dir_134,tt1034449
dir_7,tt0860454
dir_55,tt5742874
dir_846,tt0106270
dir_913,tt11841830
dir_914,tt11841830
dir_620,tt0349703
dir_365,tt2323964
dir_915,tt0137455
dir_275,tt6580564
dir_916,tt33240751
dir_457,tt0066888
dir_917,tt5108764
dir_918,tt27216785
dir_847,tt0089194
dir_145,tt0112459
dir_919,tt0172519
dir_366,tt0409527
dir_681,tt0119862
dir_761,tt6041458
dir_920,tt0250122
dir_228,tt3038772
dir_921,tt0301215
dir_203,tt2814372
dir_922,tt4512230
dir_923,tt1740662
dir_150,tt13802376
dir_118,tt1043451
dir_890,tt0318956
dir_924,tt0318956
dir_198,tt0137361
dir_925,tt0454429
dir_926,tt3422462
dir_927,tt0050322
dir_427,tt11460818
dir_928,tt16750728
dir_157,tt0289725
dir_112,tt9297632
dir_506,tt9297632
dir_929,tt9297632
dir_113,tt9297632
dir_930,tt9176102
dir_587,tt0098461
dir_185,tt15250998
dir_235,tt15250998
dir_240,tt15250998
dir_931,tt0156581
dir_157,tt0220596
dir_932,tt0414714
dir_437,tt0080653
dir_4,tt10816510
dir_698,tt0135621
dir_933,tt3996192
dir_934,tt0139398
dir_935,tt0290839
dir_190,tt0896968
dir_415,tt0995827
dir_416,tt0995827
dir_532,tt2292625
dir_432,tt0215911
dir_936,tt8060624
dir_937,tt5954088
dir_125,tt1309561
dir_505,tt0342624
dir_885,tt0172704
dir_118,tt0289845
dir_198,tt0070434
dir_636,tt0271748
dir_1,tt3619710
dir_938,tt3619710
dir_939,tt8747548
dir_940,tt1656171
dir_638,tt0373972
dir_702,tt0352830
dir_941,tt0368811
dir_942,tt0246261
dir_943,tt0117374
dir_944,tt30783769
dir_945,tt30018040
dir_946,tt30018040
dir_230,tt0116024
dir_231,tt0116024
dir_947,tt7275232
dir_948,tt7275232
dir_949,tt7275232
dir_150,tt0475645
dir_950,tt2831404
dir_951,tt13449254
dir_878,tt0187150
dir_370,tt0089599
dir_706,tt0068217
dir_295,tt3449320
dir_271,tt0156663
dir_118,tt4940456
dir_952,tt13178692
dir_953,tt13178692
dir_954,tt0053706
dir_437,tt0151466
dir_532,tt1848771
dir_230,tt5785200
dir_231,tt5785200
dir_641,tt5785200
dir_955,tt5605730
dir_956,tt5605730
dir_700,tt5605730
dir_748,tt0454435
dir_957,tt0359135
dir_478,tt0087975
dir_566,tt31943592
dir_958,tt4552546
dir_932,tt0408837
dir_846,tt0273452
dir_959,tt0273452
dir_73,tt23472806
dir_960,tt5219770
dir_39,tt10919304
dir_961,tt10919304
dir_962,tt5637188
dir_963,tt20872920
dir_47,tt15831978
dir_964,tt0073236
dir_396,tt0260303
dir_397,tt0260303
dir_496,tt3501994
dir_549,tt4699202
dir_250,tt10731264
dir_198,tt0082796
dir_644,tt5805252
dir_122,tt3836958
dir_288,tt3138602
dir_961,tt3138602
dir_290,tt2094854
dir_372,tt2094854
dir_965,tt4117066
dir_966,tt0097264
dir_959,tt0097264
dir_967,tt0062640
dir_968,tt2622130
dir_969,tt14260080
dir_358,tt0116690
dir_970,tt0075632
dir_491,tt0196635
dir_971,tt0270880
dir_972,tt0270880
dir_973,tt9817760
dir_536,tt21159080
dir_1,tt1334254
dir_974,tt2857500
dir_518,tt1221139
dir_975,tt31171944
dir_976,tt31171944
dir_929,tt31171944
dir_977,tt0254927
dir_978,tt0148375
dir_519,tt0418880
dir_519,tt0284083
dir_356,tt0284328
dir_171,tt3142688
dir_121,tt7607940
dir_979,tt0300475
dir_359,tt0090358
dir_283,tt0341549
dir_980,tt10230436
dir_981,tt5227468
dir_579,tt0383719
dir_198,tt0052560
dir_982,tt0055035
dir_423,tt4024944
dir_983,tt2198235
dir_565,tt0135641
dir_984,tt2909396
dir_826,tt0366985
dir_818,tt0135161
dir_301,tt0320097
dir_921,tt0301231
dir_271,tt0156982
dir_985,tt30320605
dir_986,tt30320605
dir_812,tt2057441
dir_824,tt1191130
dir_987,tt0067183
dir_988,tt0290331
dir_826,tt0313844
dir_151,tt0106986
dir_989,tt0231646
dir_706,tt0268129
dir_990,tt0396563
dir_366,tt6747420
dir_291,tt0457875
dir_991,tt0209263
dir_992,tt4145848
dir_638,tt0091601
dir_993,tt6986710
dir_990,tt1087856
dir_271,tt0156659
dir_190,tt0314186
dir_994,tt0314186
dir_618,tt1194236
dir_935,tt6689882
dir_34,tt0335044
dir_389,tt0077797
dir_320,tt0422950
dir_55,tt5632164
dir_995,tt1744641
dir_996,tt3658908
dir_198,tt0073391
dir_563,tt0148266
dir_356,tt0107986
dir_736,tt0138411
dir_997,tt9343754
dir_970,tt0156043
dir_301,tt0116898
dir_998,tt0237022
dir_882,tt0080901
dir_970,tt0071205
dir_518,tt0075747
dir_862,tt0395519
dir_942,tt0246286
dir_999,tt0242509
dir_1000,tt0087886
dir_1001,tt7559180
dir_432,tt0100002
dir_149,tt0096922
dir_1002,tt22796670
dir_1003,tt22796670
dir_193,tt1825801
dir_503,tt0079963
dir_694,tt0045467
dir_1004,tt11964084
dir_1005,tt33482897
dir_490,tt0170416
dir_491,tt0170416
dir_1006,tt2404519
dir_1007,tt2404519
dir_198,tt0069671
dir_271,tt0113933
dir_711,tt0476888
dir_927,tt0298078
dir_1008,tt0148353
dir_351,tt0178392
dir_149,tt0101284
dir_291,tt1179781
dir_1009,tt0225961
dir_381,tt0225961
dir_149,tt0115042
dir_283,tt2630076
dir_301,tt2229848
dir_535,tt11774804
dir_1010,tt11774804
dir_1011,tt6095994
dir_1012,tt0361436
dir_967,tt0156745
dir_73,tt1169841
dir_752,tt0234054
dir_676,tt12862042
dir_1013,tt0117878
dir_711,tt0437279
dir_1014,tt1363125
dir_668,tt0375791
dir_378,tt0118660
dir_579,tt0096252
dir_668,tt0324951
dir_1015,tt0324951
dir_1016,tt0404537
dir_1017,tt0404537
dir_1018,tt0070253
dir_638,tt0331421
dir_1019,tt0055783
dir_1020,tt31704663
dir_1021,tt28372295
dir_1022,tt5475584
dir_1023,tt5475584
dir_55,tt2406636
dir_215,tt0359440
dir_987,tt0066241
dir_1024,tt0069711
dir_818,tt5743888
dir_659,tt0056850
dir_799,tt0338690
dir_1025,tt0112359
dir_1026,tt8094272
dir_1027,tt8094272
dir_463,tt3359290
dir_190,tt0445022
dir_1028,tt0293589
dir_1029,tt8108164
dir_628,tt8265146
dir_1030,tt0233264
dir_851,tt0080638
dir_1031,tt0819777
dir_1032,tt0089382
dir_307,tt0089382
dir_190,tt0988036
dir_1033,tt4332114
dir_198,tt0244443
dir_885,tt0363887
dir_1034,tt7624840
dir_1035,tt0055039
dir_359,tt0368580
dir_1036,tt1132589
dir_706,tt0065416
dir_301,tt0205968
dir_668,tt0476762
dir_327,tt0430589
dir_1037,tt0147925
dir_522,tt0438981
dir_1038,tt2612156
dir_518,tt0077783
dir_1039,tt2343621
dir_39,tt6514010
dir_1040,tt0273804
dir_381,tt0155088
dir_245,tt0099943
dir_1041,tt0984122
dir_1042,tt0054910
dir_1043,tt1605790
dir_112,tt0112916
dir_994,tt0112916
dir_307,tt0112916
dir_1044,tt0112916
dir_113,tt0112916
dir_1045,tt0361772
dir_396,tt0260155
dir_397,tt0260155
dir_1046,tt0271023
dir_626,tt0087474
dir_1047,tt0453978
dir_783,tt0165795
dir_396,tt0253514
dir_397,tt0253514
dir_1048,tt9875128
dir_885,tt4501576
dir_375,tt0443708
dir_372,tt0443708
dir_1049,tt2063745
dir_1050,tt2063745
dir_356,tt0189592
dir_1051,tt8976992
dir_1052,tt3004774
dir_1053,tt7189494
dir_332,tt0476550
dir_1054,tt0857381
dir_1055,tt0402607
dir_1056,tt1174041
dir_1006,tt4853926
dir_1007,tt4853926
dir_150,tt0420304
dir_374,tt0420304
dir_562,tt0232079
dir_301,tt0278522
dir_818,tt0421277
dir_1057,tt0172089
dir_112,tt32020028
dir_1058,tt32020028
dir_1059,tt32020028
dir_1060,tt32020028
dir_113,tt32020028
dir_1061,tt0175423
dir_34,tt3645014
dir_964,tt0071800
dir_1062,tt0203289
dir_708,tt3257794
dir_1063,tt0259170
dir_1064,tt0328503
dir_492,tt0097784
dir_435,tt0073104
dir_358,tt0255112
dir_705,tt0117099
dir_1065,tt27304247
dir_437,tt0051806
dir_1066,tt0135515
dir_818,tt0135515
dir_519,tt0449228
dir_1067,tt12312912
dir_773,tt0391079
dir_1068,tt13630174
dir_1069,tt13630174
dir_846,tt0312883
dir_1070,tt0251395
dir_666,tt0205380
dir_882,tt0086597
dir_706,tt0074503
dir_1071,tt0331851
dir_1072,tt17523226
dir_1073,tt13131636
dir_1074,tt32765621
dir_1075,tt7549484
dir_1076,tt7549484
dir_821,tt7617988
dir_648,tt22543124
dir_1077,tt0443594
dir_1078,tt2361746
dir_542,tt2361746
dir_81,tt0172980
dir_395,tt12929738
dir_762,tt0243472
dir_1079,tt0439714
dir_1080,tt0439714
dir_1081,tt0319500
dir_1082,tt0319500
dir_1083,tt0061974
dir_1084,tt36092525
dir_503,tt0176105
dir_55,tt3059106
dir_797,tt3059106
dir_884,tt15415992
dir_1085,tt0053965
dir_393,tt0088687
dir_505,tt0444874
dir_235,tt0480572
dir_532,tt0119720
dir_1086,tt27411485
dir_921,tt0300980
dir_1087,tt15387268
dir_1088,tt0297416
dir_638,tt0187351
dir_1089,tt0060104
dir_131,tt0096477
dir_271,tt0113913
dir_283,tt0273406
dir_822,tt6941654
dir_1090,tt16141960
dir_198,tt0067164
dir_1091,tt0148692
dir_55,tt1267500
dir_751,tt0172761
dir_259,tt1754202
dir_1092,tt0489486
dir_1093,tt7609114
dir_1094,tt0109922
dir_668,tt4934506
dir_150,tt2400377
dir_374,tt2400377
dir_371,tt1194232
dir_1095,tt0116391
dir_356,tt0114175
dir_925,tt0108001
dir_1091,tt0142431
dir_1096,tt27621015
dir_1097,tt27621015
dir_532,tt2275802
dir_1098,tt0217660
dir_1099,tt5209420
dir_1100,tt7560484
dir_1101,tt7560484
dir_752,tt0146335
dir_1102,tt0392883
dir_301,tt0109116
dir_206,tt2551378
dir_1103,tt2551378
dir_1104,tt2551378
dir_1105,tt0405024
dir_1106,tt1189006
dir_523,tt0287537
dir_215,tt0359215
dir_1107,tt0359215
dir_405,tt0261243
dir_931,tt0061072
dir_491,tt0239244
dir_1108,tt7154994
dir_340,tt1090650
dir_1109,tt31702853
dir_749,tt0268416
dir_145,tt0437182
dir_723,tt0225515
dir_1110,tt1170411
dir_964,tt0093604
dir_934,tt0148523
dir_271,tt0156891
dir_1089,tt0056379
dir_198,tt0244409
dir_1111,tt0115019
dir_228,tt0214866
dir_1112,tt0095955
dir_464,tt9795686
dir_1113,tt0476848
dir_1114,tt32023291
dir_362,tt8396186
dir_1115,tt10519182
dir_149,tt4486148
dir_1116,tt0456558
dir_1117,tt4603640
dir_1118,tt0349122
dir_762,tt0091258
dir_1072,tt0117470
dir_1119,tt2302416
dir_1120,tt0367214
dir_1121,tt2137171
dir_1122,tt2876408
dir_668,tt0286936
dir_1123,tt0373935
dir_428,tt0459475
dir_1124,tt1080568
dir_389,tt0157460
dir_922,tt0476819
dir_1125,tt0266765
dir_513,tt0078204
dir_1126,tt0233937
dir_190,tt0385782
dir_1127,tt0362902
dir_1128,tt7028460
dir_1129,tt7028460
dir_491,tt0097926
dir_574,tt0156641
dir_1130,tt1369669
dir_843,tt0301179
dir_396,tt0260077
dir_397,tt0260077
dir_378,tt0326600
dir_1131,tt0326600
dir_55,tt1451797
dir_626,tt0259996
dir_1132,tt0363413
dir_987,tt0154183
dir_518,tt0108256
dir_1133,tt0896934
dir_338,tt1606267
dir_732,tt1918927
dir_630,tt1807978
dir_852,tt1807978
dir_113,tt1807978
dir_688,tt3514330
dir_1134,tt0309926
dir_1135,tt14253784
dir_1136,tt0102515
dir_356,tt1485072
dir_1009,tt0274944
dir_151,tt0298606
dir_1137,tt0177483
dir_773,tt0149850
dir_190,tt21237108
dir_108,tt8992946
dir_316,tt4177040
dir_519,tt0444767
dir_1138,tt0350195
dir_55,tt2186731
dir_598,tt0158587
dir_1139,tt0062177
dir_342,tt0358053
dir_1140,tt0234141
dir_394,tt0234141
dir_206,tt0410952
dir_112,tt0823451
dir_100,tt0823451
dir_157,tt0823451
dir_291,tt0823451
dir_113,tt0823451
dir_375,tt1245774
dir_1141,tt0193449
dir_437,tt0232734
dir_706,tt0058257
dir_1142,tt0299027
dir_1143,tt2699840
dir_393,tt0100092
dir_559,tt0814295
dir_1144,tt0206238
dir_301,tt0331216
dir_80,tt0331453
dir_1145,tt3539966
dir_562,tt0107440
dir_1146,tt2137241
dir_249,tt0255305
dir_1147,tt6033536
dir_1148,tt4556848
dir_1149,tt14852412
dir_736,tt0071436
dir_598,tt0050758
dir_1150,tt3716142
dir_1151,tt4338154
dir_1152,tt11066130
dir_1153,tt2614722
dir_1044,tt0135140
dir_1154,tt0327403
dir_505,tt0255097
dir_706,tt0080376
dir_323,tt14253018
dir_215,tt0187004
dir_1107,tt0187004
dir_1155,tt0281102
dir_524,tt2064849
dir_1156,tt0813540
dir_432,tt0215902
dir_868,tt0337613
dir_34,tt1245732
dir_799,tt0101432
dir_846,tt0114615
dir_55,tt0214931
dir_370,tt0118546
dir_788,tt3776484
dir_301,tt0449389
dir_250,tt5313980
dir_1157,tt5313980
dir_151,tt0207415
dir_491,tt0097466
dir_123,tt0457940
dir_1158,tt2759338
dir_1159,tt2759338
dir_1160,tt0044392
dir_1161,tt8017136
dir_932,tt15502162
dir_143,tt0332766
dir_123,tt0347278
dir_1162,tt6937368
dir_1163,tt24082466
dir_389,tt0158213
dir_706,tt0268449
dir_668,tt0225029
dir_1164,tt1781838
dir_1165,tt7913394
dir_1166,tt7913394
dir_1167,tt7913394
dir_795,tt0946999
dir_372,tt0946999
dir_375,tt0819810
dir_1168,tt0242314
dir_411,tt0210920
dir_432,tt0151511
dir_1169,tt3164774
dir_94,tt0064506
dir_1170,tt12965070
dir_151,tt0354922
dir_1171,tt0101742
dir_1172,tt0101742
dir_1173,tt0110254
dir_1174,tt2188805
dir_1175,tt6352548
dir_665,tt0050820
dir_1176,tt0050820
dir_1177,tt0317985
dir_145,tt0892874
dir_1178,tt0361746
dir_1179,tt0102645
dir_598,tt0080926
dir_1180,tt20807330
dir_405,tt0338490
dir_245,tt0151206
dir_1181,tt0220597
dir_394,tt0172170
dir_1182,tt3672618
dir_668,tt0117983
dir_342,tt0177505
dir_435,tt0284456
dir_966,tt0267424
dir_1183,tt2932606
dir_432,tt0215466
dir_358,tt0321067
dir_340,tt0461062
dir_206,tt6080746
dir_1184,tt0106541
dir_907,tt12484724
dir_1185,tt12223246
dir_1186,tt1887817
dir_1187,tt0261001
dir_381,tt0053980
dir_773,tt0280832
dir_1188,tt0259322
dir_1055,tt0259322
dir_1141,tt0337652
dir_964,tt0084199
dir_1189,tt3734580
dir_550,tt0187279
dir_1190,tt0187279
dir_1191,tt0187279
dir_1192,tt0110140
dir_394,tt0104548
dir_694,tt0176012
dir_1044,tt0117623
dir_1193,tt0175448
dir_1194,tt1176961
dir_1195,tt0432536
dir_1196,tt5674064
dir_1018,tt0084393
dir_1197,tt0246740
dir_492,tt0363525
dir_1198,tt10755608
dir_439,tt0286672
dir_669,tt26899139
dir_1199,tt6180274
dir_1200,tt6180274
dir_862,tt0269758
dir_1201,tt2256514
dir_1202,tt2256514
dir_381,tt0067840
dir_1203,tt8130558
dir_437,tt0073569
dir_1204,tt5775220
dir_1056,tt1986040
dir_630,tt2361148
dir_734,tt2361148
dir_113,tt2361148
dir_1205,tt4365060
dir_150,tt0418096
dir_503,tt0148691
dir_799,tt0327004
dir_988,tt0135666
dir_1037,tt0317751
dir_947,tt8268972
dir_501,tt1392744
dir_1206,tt1218345
dir_478,tt0094720
dir_1207,tt0206020
dir_55,tt14984074
dir_1208,tt0178195
dir_1209,tt9766280
dir_323,tt0458017
dir_550,tt0117436
dir_1190,tt0117436
dir_457,tt0230670
dir_523,tt0314006
dir_396,tt0252358
dir_397,tt0252358
dir_666,tt0267813
dir_439,tt0200435
dir_821,tt0808164
dir_1210,tt0349679
dir_157,tt0172534
dir_1018,tt0104072
dir_1211,tt1896781
dir_1212,tt9319812
dir_226,tt9319812
dir_1213,tt0339936
dir_1214,tt0046799
dir_1215,tt0439464
dir_1216,tt0360399
dir_736,tt0216110
dir_1217,tt20421014
dir_206,tt8932884
dir_638,tt0237257
dir_1218,tt1065099
dir_1219,tt2633598
dir_1220,tt2633598
dir_1221,tt4107858
dir_872,tt4107858
dir_1222,tt8733760
dir_478,tt0232169
dir_1223,tt0416282
dir_891,tt0090611
dir_1224,tt0065064
dir_552,tt0067555
dir_1225,tt1620697
dir_942,tt0068938
dir_245,tt0116748
dir_94,tt0158690
dir_784,tt0271397
dir_1226,tt0053637
dir_1227,tt0314557
dir_432,tt0215907
dir_1228,tt0073191
dir_799,tt0377738
dir_385,tt14690080
dir_966,tt0248125
dir_1229,tt2861320
dir_1230,tt1073097
dir_389,tt0090812
dir_593,tt0292552
dir_780,tt0292552
dir_381,tt0081401
dir_505,tt0121395
dir_1231,tt0337625
dir_1232,tt0305689
dir_584,tt0099953
dir_1233,tt10816692
dir_970,tt0155805
dir_351,tt0099467
dir_563,tt0047561
dir_69,tt7881542
dir_1153,tt9367742
dir_1136,tt0070009
dir_1234,tt0262717
dir_1046,tt0262717
dir_1235,tt9766310
dir_1236,tt0155227
dir_564,tt1454461
dir_1033,tt7526836
dir_1237,tt0114225
dir_1138,tt0379504
dir_290,tt0995823
dir_1238,tt11565160
dir_680,tt0276628
dir_1155,tt0315632
dir_456,tt0158451
dir_843,tt7262178
dir_589,tt1573482
dir_904,tt1442583
dir_1239,tt3334348
dir_1240,tt6499258
dir_1014,tt0280465
dir_598,tt0057120
dir_446,tt0234207
dir_966,tt0089959
dir_1218,tt8954990
dir_402,tt3224258
dir_1241,tt0341554
dir_1242,tt0250452
dir_518,tt0080982
dir_1243,tt0237395
dir_394,tt0271604
dir_389,tt0158092
dir_1244,tt0150683
dir_1061,tt0247936
dir_773,tt0109391
dir_1245,tt7341406
dir_987,tt1368453
dir_1246,tt18265146
dir_1247,tt18265146
dir_1248,tt22311492
dir_1249,tt0423087
dir_1250,tt0172300
dir_638,tt0104404
dir_94,tt0158449
dir_662,tt0274019
dir_1018,tt0157844
dir_411,tt0366630
dir_1251,tt1538210
dir_198,tt0079382
dir_518,tt0110449
dir_503,tt0177473
dir_666,tt0193102
dir_706,tt0051747
dir_801,tt0087958
dir_1252,tt0097268
dir_1224,tt0139525
dir_334,tt0046703
dir_1253,tt4642936
dir_783,tt0090581
dir_201,tt1869296
dir_835,tt10632744
dir_1254,tt10632744
dir_1181,tt0327005
dir_456,tt0073924
dir_1061,tt0178203
dir_1255,tt0067742
dir_550,tt0093293
dir_151,tt0116737
dir_1256,tt0056998
dir_1226,tt0056998
dir_468,tt1201557
dir_1187,tt0290429
dir_890,tt0374342
dir_854,tt0298327
dir_435,tt0097609
dir_1190,tt0105007
dir_1111,tt0105007
dir_1257,tt0357926
dir_820,tt6058394
dir_1102,tt3368222
dir_1258,tt1620907
dir_1259,tt26744173
dir_1111,tt0252038
dir_447,tt0046673
dir_1260,tt2156785
dir_834,tt0086156
dir_1261,tt0395453
dir_757,tt2401719
dir_1262,tt2066062
dir_1263,tt1047459
dir_468,tt0461209
dir_356,tt1156148
dir_271,tt0116035
dir_1264,tt27252585
dir_334,tt0044318
dir_1265,tt19289040
dir_706,tt0246420
dir_1252,tt0064086
dir_885,tt1920986
dir_666,tt0106725
dir_1266,tt2871010
dir_1118,tt0077609
dir_432,tt0077609
dir_228,tt1206283
dir_638,tt0186857
dir_564,tt2510874
dir_478,tt0251356
dir_816,tt0070097
dir_1267,tt7791496
dir_1268,tt4818776
dir_1269,tt0072026
dir_198,tt0244776
dir_290,tt0308417
dir_1270,tt0077596
dir_518,tt0073458
dir_453,tt6514218
dir_1271,tt4621100
dir_1272,tt4621100
dir_1273,tt4621100
dir_1274,tt4621100
dir_113,tt4621100
dir_728,tt13860794
dir_1275,tt2236494
dir_1276,tt2012576
dir_1092,tt9239772
dir_1277,tt2211174
dir_258,tt0326805
dir_1278,tt3375154
dir_791,tt3375154
dir_1184,tt2208248
dir_245,tt0102200
dir_1181,tt3209826
dir_1279,tt1947973
dir_1280,tt0076177
dir_818,tt0363784
dir_1281,tt0366761
dir_1025,tt0279021
dir_1123,tt0338855
dir_465,tt5755606
dir_1282,tt0395802
dir_1242,tt0286478
dir_598,tt0090138
dir_1283,tt30414452
dir_550,tt0119295
dir_389,tt0152720
dir_706,tt0268146
dir_55,tt1415252
dir_921,tt0108023
dir_331,tt0475627
dir_1284,tt1060249
dir_559,tt0107249
dir_204,tt8175968
dir_1275,tt7228072
dir_1089,tt0064842
dir_301,tt0362213
dir_1182,tt0459293
dir_104,tt0172574
dir_473,tt0085886
dir_1285,tt6018556
dir_1286,tt6018556
dir_1287,tt0273535
dir_1288,tt2960004
dir_931,tt0156290
dir_1289,tt12758600
dir_1290,tt0391165
dir_1291,tt0311401
dir_129,tt0348521
dir_1292,tt0449447
dir_190,tt0816657
dir_1293,tt8435324
dir_1294,tt0371747
dir_638,tt0431316
dir_931,tt0229193
dir_435,tt0239448
dir_198,tt0050734
dir_404,tt1939654
dir_967,tt0056213
dir_931,tt0156258
dir_1295,tt0158331
dir_784,tt0116153
dir_1296,tt0116153
dir_785,tt23186222
dir_396,tt0260335
dir_397,tt0260335
dir_795,tt2104937
dir_1297,tt0102746
dir_271,tt0282268
dir_570,tt10118064
dir_1025,tt0348824
dir_1298,tt1877691
dir_935,tt0290940
dir_1299,tt0302955
dir_582,tt0072870
dir_118,tt8207768
dir_1296,tt1234250
dir_1300,tt1234250
dir_190,tt0286620
dir_184,tt4684028
dir_1301,tt0241914
dir_598,tt0158579
dir_290,tt4979110
dir_1302,tt5784852
dir_1303,tt0056052
dir_1270,tt0379250
dir_1304,tt4187650
dir_626,tt0095440
dir_1305,tt0275608
dir_1306,tt11024972
dir_925,tt0273164
dir_1307,tt0330783
dir_942,tt0073224
dir_573,tt2341766
dir_519,tt0267252
dir_524,tt4818930
dir_437,tt0052217
dir_265,tt0249588
dir_598,tt0053985
dir_389,tt0157540
dir_34,tt1804604
dir_801,tt0186838
dir_308,tt0249358
dir_332,tt2188749
dir_1308,tt2951576
dir_1309,tt0085138
dir_587,tt0104927
dir_1310,tt0130348
dir_818,tt0251320
dir_1311,tt0371775
dir_1018,tt0157556
dir_564,tt1596723
dir_584,tt0103689
dir_766,tt0118578
dir_432,tt0246687
dir_446,tt0233990
dir_1312,tt7571718
dir_1042,tt0137459
dir_868,tt0286752
dir_1313,tt3862004
dir_1314,tt1278447
dir_1315,tt1278447
dir_1300,tt0251194
dir_1040,tt0225013
dir_582,tt0330505
dir_1111,tt0100384
dir_1138,tt0317680
dir_523,tt0409724
dir_475,tt0168529
dir_205,tt0814082
dir_1061,tt0247910
dir_308,tt0250043
dir_1316,tt8223250
dir_1317,tt1612611
dir_1318,tt8672310
dir_885,tt0267703
dir_989,tt0099651
dir_1319,tt0385564
dir_492,tt0362798
dir_630,tt0226786
dir_1320,tt0226786
dir_113,tt0226786
dir_942,tt0061650
dir_587,tt1228707
dir_1321,tt1221133
dir_1044,tt1221133
dir_1322,tt24216816
dir_356,tt0325041
dir_668,tt0290183
dir_1295,tt0158375
dir_432,tt0067421
dir_1323,tt7260848
dir_1324,tt7260848
dir_1325,tt2454134
dir_560,tt0166008
dir_599,tt12779208
dir_457,tt0051117
dir_1326,tt0978642
dir_626,tt0260222
dir_1327,tt0049378
dir_1328,tt0049378
dir_1329,tt0262714
dir_878,tt0187271
dir_271,tt0157003
dir_150,tt0261545
dir_81,tt1637691
dir_100,tt0785004
dir_626,tt0114236
dir_1330,tt0100401
dir_301,tt0115009
dir_1331,tt1937092
dir_967,tt0059354
dir_967,tt0141135
dir_1332,tt2064816
dir_1236,tt0099869
dir_1333,tt0099869
dir_813,tt0187195
dir_846,tt0098167
dir_375,tt0341562
dir_1018,tt0286488
dir_491,tt0286907
dir_508,tt0471646
dir_1254,tt6613812
dir_1334,tt0150718
dir_1335,tt1372681
dir_1336,tt0388315
dir_1192,tt0388315
dir_1130,tt1372266
dir_336,tt0414713
dir_1337,tt0254354
dir_1297,tt0290213
dir_1338,tt2438764
dir_519,tt0230347
dir_1339,tt0107199
dir_1340,tt0485466
dir_1123,tt0121232
dir_1341,tt2321492
dir_1342,tt11135910
dir_131,tt0214751
dir_1343,tt0071811
dir_1344,tt5896934
dir_1345,tt33089434
dir_1345,tt33089434
dir_773,tt0470521
dir_1346,tt9691324
dir_423,tt4552486
dir_1347,tt0250774
dir_1018,tt0157944
dir_1348,tt8897986
dir_1349,tt8897986
dir_1350,tt8176312
dir_1030,tt0206554
dir_630,tt2387495
dir_647,tt2387495
dir_113,tt2387495
dir_112,tt7820502
dir_375,tt7820502
dir_1351,tt7820502
dir_1352,tt7820502
dir_113,tt7820502
dir_1353,tt0073627
dir_1354,tt0073627
dir_1111,tt0081624
dir_438,tt0453582
dir_112,tt2575290
dir_1355,tt2575290
dir_1356,tt2575290
dir_1357,tt2575290
dir_113,tt2575290
dir_626,tt0260107
dir_1358,tt22478232
dir_1252,tt0085785
dir_1061,tt0178204
dir_1359,tt0995840
dir_1360,tt0995840
dir_198,tt0262527
dir_1361,tt27923623
dir_1000,tt0449159
dir_1362,tt0111067
dir_1363,tt1787067
dir_893,tt0276309
dir_1364,tt0246766
dir_1365,tt0461323
dir_283,tt0461323
dir_1366,tt1099196
dir_598,tt0158845
dir_1034,tt1980970
dir_1367,tt0358992
dir_1368,tt0106724
dir_101,tt2708644
dir_102,tt2708644
dir_1369,tt27613094
dir_1319,tt27613094
dir_1370,tt0289685
dir_1371,tt4029868
dir_397,tt0252385
dir_1372,tt0275489
dir_1373,tt0827714
dir_1251,tt0827714
dir_1374,tt0827714
dir_301,tt0109710
dir_579,tt0120117
dir_1375,tt7274806
dir_970,tt0155775
dir_519,tt0845535
dir_1376,tt5692786
dir_1377,tt0057332
dir_1130,tt0379818
dir_647,tt3477214
dir_1378,tt12327140
dir_1379,tt0376080
dir_351,tt0177490
dir_735,tt1210356
dir_392,tt0435390
dir_1380,tt3797888
dir_1025,tt0108109
dir_1025,tt0099081
dir_1381,tt9325680
dir_729,tt0113455
dir_457,tt0230348
dir_1382,tt15523028
dir_711,tt1324076
dir_198,tt0137362
dir_1383,tt0451824
dir_1384,tt0313743
dir_425,tt0313743
dir_1385,tt0313743
dir_1386,tt1667823
dir_1387,tt0175756
dir_1000,tt0081968
dir_630,tt1439557
dir_649,tt1439557
dir_113,tt1439557
dir_702,tt1214948
dir_1388,tt1941638
dir_1389,tt0044527
dir_1279,tt4811706
dir_1390,tt4811706
dir_1391,tt0399530
dir_1392,tt0988655
dir_1393,tt5598578
dir_190,tt0416712
dir_1394,tt0148841
dir_851,tt0079584
dir_1395,tt0416120
dir_626,tt0104941
dir_157,tt0114232
dir_585,tt0067668
dir_626,tt0094299
dir_862,tt0286640
dir_681,tt0339878
dir_1090,tt6278732
dir_496,tt7291466
dir_642,tt0085776
dir_212,tt1202517
dir_1396,tt11108348
dir_1091,tt0060659
dir_1397,tt0358020
dir_394,tt0266926
dir_1398,tt0097642
dir_271,tt0288427
dir_193,tt0483701
dir_1399,tt10500478
dir_679,tt2573750
dir_393,tt0102201
dir_1400,tt7504214
dir_626,tt0110584
dir_1030,tt0178192
dir_503,tt0213544
dir_587,tt0086892
dir_351,tt0215245
dir_637,tt0111384
dir_637,tt0120545
dir_689,tt4541102
dir_690,tt4541102
dir_1401,tt0060306
dir_666,tt0267905
dir_587,tt0109091
dir_1295,tt0158259
dir_858,tt2708550
dir_1045,tt0300160
dir_1111,tt0319121
dir_300,tt1324078
dir_1252,tt0074926
dir_446,tt0119721
dir_34,tt4358344
dir_150,tt0302524
dir_198,tt0244674
dir_1401,tt0358063
dir_1025,tt0286683
dir_1123,tt0286910
dir_1402,tt0102148
dir_1025,tt0097563
dir_94,tt0158585
dir_389,tt0157545
dir_967,tt0156833
dir_1403,tt27613229
dir_564,tt0264210
dir_1025,tt0152278
dir_1061,tt0106221
dir_1091,tt0351714
dir_982,tt0245494
dir_196,tt1047519
dir_1404,tt0069218
dir_666,tt0322027
dir_1405,tt0949524
dir_1406,tt0281656
dir_446,tt0233226
dir_94,tt0089119
dir_1197,tt0089952
dir_1407,tt13451792
dir_1408,tt0053767
dir_1205,tt2796318
dir_209,tt0114316
dir_1409,tt0059445
dir_1061,tt0246433
dir_1410,tt0337650
dir_1411,tt11680920
dir_1412,tt0392950
dir_1413,tt9603216
dir_636,tt1252488
dir_1091,tt0147843
dir_987,tt0154578
dir_1125,tt0266757
dir_906,tt3720634
dir_486,tt7881550
dir_1414,tt0470614
dir_1415,tt2202086
dir_394,tt0436451
dir_457,tt0230141
dir_228,tt0215338
dir_389,tt0157882
dir_636,tt0444769
dir_301,tt0253194
dir_846,tt0102706
dir_1416,tt2826126
dir_1417,tt5216810
dir_457,tt0230991
dir_80,tt0476847
dir_271,tt0156256
dir_1418,tt5056470
dir_1419,tt15502122
dir_1303,tt0304204
dir_457,tt0230993
dir_1236,tt0154844
dir_1420,tt31024654
dir_585,tt0058759
dir_151,tt0255401
dir_1421,tt1646217
dir_1270,tt0405852
dir_862,tt0267830
dir_1422,tt3917908
dir_488,tt3917908
dir_668,tt0391274
dir_1423,tt14742596
dir_877,tt0886505
dir_1424,tt0130991
dir_523,tt2727028
dir_293,tt1471247
dir_1425,tt0217351
dir_1224,tt0215859
dir_1426,tt0148706
dir_381,tt0154265
dir_439,tt0282275
dir_354,tt0387678
dir_1372,tt0072972
dir_1337,tt0061046
dir_1427,tt0442764
dir_1428,tt0178184
dir_1281,tt0221982
dir_1330,tt0247909
dir_1429,tt10545214
dir_1430,tt0060310
dir_1431,tt0060310
dir_375,tt6620324
dir_1432,tt5755594
dir_1433,tt0377636
dir_271,tt0099076
dir_966,tt0246914
dir_1267,tt1895476
dir_405,tt1227524
dir_435,tt0105897
dir_1434,tt0233587
dir_1435,tt0233587
dir_1436,tt1722425
dir_824,tt1372694
dir_1437,tt0044769
dir_1438,tt0102119
dir_1439,tt0080514
dir_1440,tt21386020
dir_1366,tt14188316
dir_273,tt1039995
dir_446,tt0119491
dir_467,tt0349115
dir_112,tt0409068
dir_1441,tt0409068
dir_1442,tt0409068
dir_1443,tt0409068
dir_113,tt0409068
dir_857,tt0295603
dir_1444,tt0295603
dir_355,tt10233388
dir_1236,tt0100441
dir_271,tt0246839
dir_1445,tt0389726
dir_988,tt0361796
dir_1446,tt6373362
dir_1447,tt6373362
dir_446,tt0401532
dir_1448,tt6862542
dir_1449,tt1238735
dir_1450,tt2449318
dir_1014,tt1425618
dir_1160,tt0156606
dir_1451,tt2375567
dir_1257,tt0121659
dir_964,tt0121659
dir_456,tt0158768
dir_626,tt0260066
dir_1237,tt0172617
dir_749,tt0268216
dir_1199,tt0296621
dir_488,tt0233808
dir_518,tt0286942
dir_1452,tt0071083
dir_1089,tt0290685
dir_432,tt0081147
dir_1453,tt0077226
dir_878,tt0125556
dir_1236,tt0096415
dir_1337,tt0254437
dir_518,tt0090202
dir_688,tt6582458
dir_381,tt0057568
dir_773,tt0348078
dir_258,tt0979891
dir_1428,tt0069152
dir_1454,tt7277150
dir_1455,tt7277150
dir_626,tt0286504
dir_1456,tt8338746
dir_1144,tt0058045
dir_762,tt0243639
dir_662,tt0105209
dir_1301,tt0077179
dir_784,tt0071730
dir_762,tt0177487
dir_1457,tt9176260
dir_511,tt0979902
dir_34,tt0875692
dir_1458,tt7742704
dir_1459,tt1314367
dir_522,tt0348172
dir_562,tt0810058
dir_1178,tt0286934
dir_1460,tt0488840
dir_1461,tt6997642
dir_389,tt0157320
dir_1000,tt1521223
dir_1462,tt0272001
dir_1463,tt0069751
dir_1464,tt17507072
dir_1465,tt17507072
dir_1466,tt0301240
dir_1348,tt8406866
dir_542,tt8406866
dir_1467,tt8406866
dir_323,tt0377131
dir_1468,tt9449952
dir_891,tt0106287
dir_1469,tt0947037
dir_369,tt0156052
dir_213,tt13199556
dir_1125,tt0063540
dir_1123,tt0402606
dir_1470,tt4161520
dir_751,tt0097812
dir_818,tt1228726
dir_1471,tt0456549
dir_1472,tt0456549
dir_868,tt0135393
dir_198,tt0075653
dir_190,tt0495022
dir_630,tt1279105
dir_1473,tt1279105
dir_113,tt1279105
dir_970,tt0155997
dir_381,tt0050757
dir_288,tt3357416
dir_1474,tt10017956
dir_449,tt15378284
dir_1079,tt0107820
dir_437,tt0053629
dir_1475,tt0434147
dir_1476,tt3681414
dir_987,tt0154390
dir_1477,tt0444415
dir_1478,tt11026788
dir_437,tt0231469
dir_1479,tt19315924
dir_987,tt0272543
dir_1480,tt11157934
dir_308,tt0116002
dir_1481,tt14677728
dir_605,tt0112884
dir_118,tt1857740
dir_1482,tt1857740
dir_1409,tt0175908
dir_1483,tt5756052
dir_821,tt1327833
dir_291,tt0363833
dir_342,tt1979209
dir_821,tt0419992
dir_1484,tt8976464
dir_7,tt1305840
dir_1138,tt0097813
dir_1485,tt0989725
dir_151,tt0242831
dir_389,tt0286664
dir_1124,tt1252614
dir_1486,tt0087868
dir_271,tt0172487
dir_935,tt0376158
dir_447,tt0043307
dir_1487,tt0326722
dir_837,tt0215196
dir_1488,tt5690244
dir_1489,tt0402178
dir_1490,tt0175530
dir_94,tt0052736
dir_587,tt0315319
dir_1082,tt0193246
dir_1491,tt0367695
dir_394,tt1083447
dir_1492,tt0187109
dir_1295,tt0246493
dir_659,tt0052411
dir_1236,tt0154531
dir_1493,tt0089678
dir_1427,tt0089678
dir_922,tt1363363
dir_505,tt0779768
dir_1494,tt0375021
dir_1495,tt0289686
dir_1496,tt5289170
dir_1497,tt6289320
dir_919,tt0446889
dir_1280,tt0446889
dir_267,tt0454391
dir_1498,tt28364203
dir_1499,tt2347289
dir_1500,tt0357782
dir_587,tt0230737
dir_356,tt0489560
dir_944,tt20840000
dir_412,tt9150950
dir_970,tt0155530
dir_882,tt0089610
dir_1501,tt29330039
dir_1502,tt1124386
dir_34,tt0885398
dir_845,tt1285245
dir_1503,tt3638960
dir_1504,tt3638960
dir_768,tt1266545
dir_758,tt0154178
dir_1301,tt0241753
dir_1030,tt0233206
dir_1505,tt1577050
dir_907,tt7412738
dir_563,tt0154563
dir_1506,tt0256951
dir_762,tt0317811
dir_271,tt0113822
dir_1507,tt4643520
dir_1508,tt13174734
dir_555,tt0286421
dir_209,tt0381408
dir_1509,tt2343417
dir_1510,tt2800452
dir_1197,tt0290179
dir_1511,tt0811613
dir_1512,tt0177502
dir_1513,tt0099929
dir_647,tt8136908
dir_797,tt8136908
dir_1241,tt0385982
dir_1514,tt1152845
dir_1515,tt5752374
dir_1516,tt5752374
dir_457,tt0061378
dir_518,tt0272651
dir_587,tt0273045
dir_1339,tt0282771
dir_1517,tt1612573
dir_1518,tt0449000
dir_1519,tt3031896
dir_198,tt0086170
dir_1385,tt1202344
dir_846,tt1404573
dir_150,tt0301250
dir_574,tt0145851
dir_1520,tt8763398
dir_749,tt0065764
dir_1521,tt9061618
dir_330,tt12642180
dir_1522,tt8206760
dir_987,tt0286803
dir_1523,tt2378057
dir_1524,tt2378057
dir_1525,tt3465488
dir_1526,tt10751548
dir_1092,tt2191721
dir_1527,tt0887753
dir_1528,tt0137349
dir_1218,tt1283926
dir_1123,tt0251426
dir_988,tt0390667
dir_677,tt3636776
dir_1529,tt0397551
dir_478,tt0095375
dir_885,tt0359157
dir_447,tt0044761
dir_308,tt0293304
dir_125,tt0322936
dir_571,tt2848824
dir_1037,tt0317117
dir_1232,tt0178181
dir_505,tt6246170
dir_1530,tt6246170
dir_1102,tt0221809
dir_1074,tt21843290
dir_1531,tt0361515
dir_1310,tt0338721
dir_523,tt1024839
dir_271,tt0156585
dir_505,tt0481241
dir_1532,tt0092599
dir_198,tt0244590
dir_1533,tt1695793
dir_1522,tt3948240
dir_758,tt0155408
dir_1534,tt0092033
dir_26,tt12724920
dir_1018,tt0051335
dir_821,tt4287778
dir_1535,tt0105208
dir_1536,tt0225566
dir_55,tt0225566
dir_1037,tt0070241
dir_257,tt0882967
dir_430,tt1437367
dir_1537,tt27899596
dir_927,tt0316406
dir_1538,tt0079614
dir_552,tt0079614
dir_1539,tt7309776
dir_370,tt6121432
dir_1540,tt1941657
dir_1541,tt21631062
dir_1542,tt1255873
dir_1543,tt1255873
dir_1154,tt6405220
dir_1041,tt1126516
dir_405,tt0195814
dir_55,tt0433605
dir_1544,tt1785538
dir_772,tt1961530
dir_1305,tt0800981
dir_112,tt3257168
dir_95,tt3257168
dir_159,tt3257168
dir_1545,tt3257168
dir_113,tt3257168
dir_620,tt2191641
dir_1546,tt27134139
dir_1547,tt2187972
dir_620,tt0845494
dir_666,tt0105315
dir_405,tt2043923
dir_423,tt0414040
dir_1548,tt5162476
dir_1389,tt0146266
dir_1236,tt0096139
dir_1270,tt0343850
dir_1549,tt0375890
dir_1550,tt5151622
dir_1330,tt0204823
dir_1551,tt1479676
dir_1552,tt1826051
dir_1089,tt0246413
dir_357,tt1666184
dir_271,tt0151285
dir_1024,tt0229952
dir_646,tt13892718
dir_942,tt0067636
dir_967,tt0156651
dir_872,tt4921860
dir_393,tt0093263
dir_1136,tt0066514
dir_518,tt0084631
dir_1553,tt0405046
dir_1554,tt16169406
dir_1555,tt0478868
dir_290,tt0104098
dir_464,tt3290688
dir_999,tt0242636
dir_735,tt1340778
dir_1009,tt0275363
dir_205,tt3407604
dir_550,tt0349620
dir_748,tt2599878
dir_1301,tt0080343
dir_310,tt3483596
dir_426,tt11231440
dir_320,tt0292113
dir_1556,tt11730940
dir_1557,tt0250339
dir_1558,tt4659548
dir_488,tt0306840
dir_249,tt1229390
dir_1559,tt5467702
dir_1560,tt5467702
dir_271,tt0156691
dir_941,tt4355838
dir_1561,tt0296705
dir_449,tt12997998
dir_429,tt1867070
dir_1562,tt0358302
dir_1563,tt2175671
dir_735,tt0449870
dir_1564,tt1314274
dir_1565,tt20251896
dir_1566,tt9602804
dir_1567,tt9602804
dir_810,tt1178657
dir_1030,tt0233202
dir_1368,tt0287065
dir_1531,tt0357710
dir_1568,tt0071307
dir_1046,tt0367921
dir_197,tt14167424
dir_857,tt0100539
dir_1178,tt2100543
dir_1418,tt1492872
dir_1047,tt2023645
dir_1061,tt0429541
dir_1295,tt0158122
dir_1236,tt0155074
dir_1569,tt5873892
dir_1570,tt4335954
dir_626,tt0260112
dir_885,tt0376182
dir_843,tt1508950
dir_370,tt0093182
dir_1571,tt0093182
dir_95,tt2198101
dir_356,tt3531604
dir_921,tt0301810
dir_1372,tt0130803
dir_1572,tt1552060
dir_1573,tt15548886
dir_870,tt2184125
dir_1396,tt7399620
dir_706,tt0268141
dir_134,tt3802574
dir_587,tt0286772
dir_389,tt0157899
dir_1019,tt0058270
dir_134,tt2356959
dir_555,tt0311411
dir_1138,tt0337651
dir_1297,tt0366880
dir_1574,tt4386684
dir_1401,tt0265690
dir_1575,tt0359971
dir_532,tt0115620
dir_1576,tt8546144
dir_1577,tt4228400
dir_1578,tt19632136
dir_226,tt19632136
dir_1579,tt16226960
dir_982,tt0050829
dir_843,tt0445056
dir_987,tt0154788
dir_1580,tt0053999
dir_1055,tt0259541
dir_1187,tt0260838
dir_198,tt0147855
dir_335,tt5513098
dir_1581,tt21963660
dir_1582,tt8690140
dir_1467,tt8690140
dir_1583,tt0060145
dir_1584,tt11573410
dir_451,tt11573410
dir_1024,tt0230913
dir_1585,tt29299059
dir_1586,tt2998196
dir_1587,tt0061366
dir_563,tt0140784
dir_632,tt1479667
dir_797,tt1479667
dir_1588,tt0396782
dir_271,tt0094132
dir_1082,tt0343048
dir_1589,tt0343048
dir_446,tt0313395
dir_1041,tt1825655
dir_1590,tt0131852
dir_1591,tt0273681
dir_843,tt2941856
dir_1580,tt0331186
dir_389,tt0452878
dir_301,tt0118680
dir_638,tt0440199
dir_565,tt0292606
dir_80,tt1043876
dir_1179,tt0382188
dir_1535,tt9318514
dir_1160,tt0156593
dir_1495,tt0172175
dir_987,tt0345594
dir_922,tt0438894
dir_1401,tt0320100
dir_768,tt1465493
dir_1592,tt1446071
dir_1437,tt0137958
dir_1593,tt0410954
dir_1594,tt11067726
dir_1079,tt4183924
dir_1555,tt0989605
dir_1595,tt0419974
dir_1596,tt6296236
dir_1597,tt29295178
dir_1598,tt1659205
dir_1599,tt9007142
dir_1218,tt5933706
dir_1236,tt0154857
dir_1600,tt0068532
dir_435,tt0115616
dir_741,tt0115616
dir_1601,tt0115616
dir_1602,tt0173189
dir_415,tt1603862
dir_416,tt1603862
dir_987,tt0154620
dir_1603,tt0257475
dir_620,tt1512321
dir_1158,tt10801314
dir_1604,tt26770525
dir_1018,tt0157358
dir_1486,tt0470611
dir_1605,tt2224254
dir_1606,tt7639446
dir_1607,tt1438486
dir_1608,tt1825665
dir_728,tt9000388
dir_112,tt3453964
dir_1609,tt3453964
dir_900,tt3453964
dir_542,tt3453964
dir_113,tt3453964
dir_435,tt0239452
dir_435,tt0239452
dir_1231,tt0338960
dir_1366,tt2215163
dir_1610,tt2402631
dir_1611,tt0357328
dir_1612,tt0217608
dir_1613,tt31702328
dir_1614,tt1942905
dir_855,tt0309618
dir_669,tt4707940
dir_1615,tt4707940
dir_112,tt1221142
dir_1616,tt1221142
dir_125,tt1221142
dir_267,tt1221142
dir_113,tt1221142
dir_637,tt0446158
dir_642,tt0122233
dir_1617,tt10071606
dir_1392,tt2691010
dir_1618,tt0410149
dir_584,tt0275381
dir_1619,tt8430866
dir_1620,tt29720550
dir_1237,tt0358261
dir_340,tt1633212
dir_1621,tt2058651
dir_587,tt0290258
dir_1622,tt0267928
dir_587,tt0110105
dir_1623,tt2554042
dir_79,tt10011102
dir_198,tt0139447
dir_1061,tt0178207
dir_1024,tt0229950
dir_537,tt8484590
dir_150,tt1608768
dir_1624,tt0292742
dir_1625,tt0265452
dir_1018,tt0157337
dir_1204,tt0271197
dir_564,tt0345043
dir_1626,tt0847180
dir_1627,tt11743900
dir_646,tt8591792
dir_1628,tt12797274
dir_1629,tt2317135
dir_1102,tt2768766
dir_1395,tt1673391
dir_1630,tt3261022
dir_1630,tt3261022
dir_1631,tt32809527
dir_1632,tt0359457
dir_67,tt0454396
dir_1141,tt0173301
dir_1633,tt0231520
dir_890,tt0227496
dir_630,tt0105166
dir_1634,tt0105166
dir_113,tt0105166
dir_150,tt0435259
dir_55,tt1242843
dir_1494,tt1399602
dir_1359,tt2033947
dir_1635,tt6321972
dir_351,tt0178562
dir_1636,tt4688446
dir_706,tt0268131
dir_1120,tt0112269
dir_822,tt0461258
dir_630,tt0295294
dir_140,tt0295294
dir_113,tt0295294
dir_1284,tt0283911
dir_1637,tt13013820
dir_1445,tt0326745
dir_1445,tt0286503
dir_1473,tt6046994
dir_1030,tt0233147
dir_1623,tt7367966
dir_143,tt5020726
dir_389,tt0158071
dir_1544,tt0495111
dir_1550,tt29529716
dir_1638,tt31240408
dir_885,tt2361022
dir_706,tt0130797
dir_1639,tt0316154
dir_1640,tt4651394
dir_532,tt0230294
dir_604,tt26899075
dir_827,tt3877652
dir_1641,tt7476874
dir_55,tt1085806
dir_1425,tt0286416
dir_1186,tt0329620
dir_1438,tt0111537
dir_1642,tt1012757
dir_1643,tt14083776
dir_1644,tt9766294
dir_255,tt2679480
dir_878,tt0187193
dir_1645,tt7856176
dir_1467,tt7856176
dir_206,tt3679070
dir_312,tt3679070
dir_503,tt0213524
dir_1646,tt1740092
dir_1544,tt2255851
dir_1647,tt1605778
dir_987,tt0084744
dir_1648,tt0084744
dir_1018,tt0158294
dir_1531,tt0434915
dir_301,tt0177489
dir_1445,tt6016672
dir_309,tt2416294
dir_847,tt0187043
dir_927,tt0379299
dir_1255,tt0306065
dir_762,tt0267845
dir_1372,tt0275217
dir_1649,tt7769346
dir_1650,tt9680166
dir_1651,tt8706852
dir_878,tt0187176
dir_966,tt0105313
dir_1037,tt0309005
dir_659,tt0055276
dir_1520,tt5008256
dir_1529,tt1663647
dir_288,tt4373886
dir_1652,tt0341496
dir_1370,tt0110177
dir_1653,tt0363721
dir_1179,tt0363721
dir_1654,tt0122162
dir_1630,tt1288644
dir_1655,tt0317699
dir_583,tt4190220
dir_706,tt0268519
dir_1656,tt2612924
dir_1008,tt0050956
dir_1657,tt0058287
dir_1658,tt4979160
dir_1091,tt0371558
dir_1659,tt11880600
dir_570,tt1292642
dir_1626,tt2232524
dir_1279,tt1725798
dir_488,tt1388903
dir_1660,tt0141441
dir_1120,tt0352489
dir_1449,tt0430030
dir_589,tt0374848
dir_843,tt3640942
dir_586,tt1709731
dir_832,tt0072109
dir_659,tt0046164
dir_1661,tt4045666
dir_396,tt0253618
dir_397,tt0253618
dir_1662,tt10530392
dir_1663,tt10608770
dir_1664,tt3693936
dir_446,tt0106205
dir_1665,tt10833732
dir_1014,tt1594964
dir_1236,tt0154998
dir_1666,tt10815982
dir_1667,tt0096355
dir_847,tt0095300
dir_1668,tt0284479
dir_396,tt0353351
dir_927,tt0145856
dir_1210,tt0442799
dir_267,tt1368102
dir_1666,tt26235412
dir_1669,tt1135931
dir_735,tt1772332
dir_1670,tt7628180
dir_532,tt0277981
dir_1671,tt5589660
dir_1672,tt0104854
dir_1673,tt1224454
dir_1674,tt1224454
dir_389,tt0157965
dir_701,tt6071752
dir_1675,tt2389486
dir_1676,tt0364553
dir_694,tt0247502
dir_630,tt4300776
dir_1677,tt4300776
dir_113,tt4300776
dir_1678,tt1515210
dir_1679,tt2196638
dir_1680,tt2196638
dir_1681,tt6863916
dir_768,tt2339549
dir_1136,tt0232641
dir_966,tt0087492
dir_1682,tt1948640
dir_1683,tt2777548
dir_272,tt6118058
dir_1684,tt1132606
dir_1685,tt0084840
dir_1686,tt0841048
dir_1372,tt0055767
dir_1301,tt0087736
dir_245,tt0097640
dir_1231,tt0251143
dir_1687,tt7172308
dir_711,tt0444820
dir_290,tt0366276
dir_1314,tt0388181
dir_816,tt0176075
dir_1688,tt0062897
dir_1252,tt0091105
dir_143,tt0823261
dir_920,tt0335592
dir_1347,tt0335592
dir_550,tt0374117
dir_80,tt0338566
dir_1535,tt2157192
dir_637,tt0341458
dir_1297,tt0165610
dir_1299,tt0318405
dir_1236,tt0154532
dir_1607,tt0255543
dir_1689,tt5525846
dir_1690,tt7282370
dir_816,tt0063532
dir_1432,tt8346906
dir_642,tt0099437
dir_1111,tt0359619
dir_1155,tt0405121
dir_1018,tt0158356
dir_415,tt5544662
dir_4,tt3590416
dir_1588,tt1474271
dir_201,tt0410591
dir_503,tt0053708
dir_523,tt0845492
dir_151,tt2706264
dir_763,tt12969078
dir_290,tt1221147
dir_1691,tt14400948
dir_1692,tt9624498
dir_626,tt0105161
dir_1693,tt0157736
dir_394,tt0266333
dir_1694,tt0129422
dir_1074,tt21910484
dir_711,tt0354786
dir_1695,tt16757670
dir_984,tt0213677
dir_878,tt0186799
dir_1696,tt0186799
dir_736,tt0215714
dir_543,tt1260689
dir_630,tt2066899
dir_827,tt2066899
dir_113,tt2066899
dir_1218,tt2929840
dir_1078,tt6149820
dir_323,tt1286766
dir_1017,tt5928576
dir_1697,tt2251552
dir_370,tt0080435
dir_381,tt0069871
dir_665,tt0044360
dir_1698,tt13306898
dir_438,tt1587424
dir_810,tt0454481
dir_1699,tt0440463
dir_1700,tt22098270
dir_1701,tt0071714
dir_1702,tt1016177
dir_1582,tt6941560
dir_1703,tt4971258
dir_1704,tt7598716
dir_751,tt0357621
dir_1705,tt16024234
dir_1706,tt13445934
dir_1707,tt3847072
dir_1708,tt3338188
dir_1297,tt0106799
dir_1709,tt1199534
dir_1710,tt32060363
dir_1711,tt1649760
dir_1712,tt13265312
dir_1713,tt1696191
dir_1714,tt2624852
dir_1715,tt3073326
dir_639,tt4010306
dir_1539,tt10010814
dir_50,tt0898943
dir_1716,tt1334437
dir_4,tt1191118
dir_1044,tt0297983
dir_1717,tt1990976
dir_1718,tt1784632
dir_1719,tt12983052
dir_129,tt0444915
dir_166,tt0814012
dir_1720,tt0156995
dir_550,tt0449189
dir_550,tt0178211
dir_1721,tt0234211
dir_1722,tt1241334
dir_1723,tt0415820
dir_1724,tt14446588
dir_190,tt0172163
dir_1725,tt22268148
dir_871,tt6642396
dir_872,tt6642396
dir_1093,tt1904875
dir_1726,tt3037260
dir_55,tt0831816
dir_405,tt1159917
dir_1693,tt0157845
dir_190,tt0979913
dir_673,tt4610308
dir_1727,tt21260998
dir_1364,tt0359169
dir_637,tt0187202
dir_1651,tt7871054
dir_1244,tt3826186
dir_1535,tt0311356
dir_659,tt0053319
dir_967,tt0063533
dir_1579,tt28782056
dir_532,tt0088986
dir_797,tt4117088
dir_1728,tt4117088
dir_982,tt0048395
dir_1685,tt0251067
dir_1729,tt0388389
dir_1730,tt29001753
dir_1295,tt0157418
dir_1731,tt22072116
dir_667,tt2402131
dir_1732,tt3777164
dir_1733,tt4916048
dir_579,tt1002963
dir_34,tt4513812
dir_1734,tt1740670
dir_1035,tt0215515
dir_1735,tt12743636
dir_265,tt3255586
dir_1736,tt7585620
dir_1737,tt1669648
dir_1738,tt7743400
dir_1739,tt7743400
dir_447,tt0045529
dir_80,tt0255120
dir_96,tt0453748
dir_1740,tt22033500
dir_826,tt1287847
dir_797,tt1287847
dir_1531,tt0262446
dir_872,tt6040012
dir_360,tt0456407
dir_1741,tt2706340
dir_1309,tt0454314
dir_1742,tt3822600
dir_1743,tt8324474
dir_1744,tt3737442
dir_1745,tt0341323
dir_1746,tt9496212
dir_1627,tt2032530
dir_1018,tt0067478
dir_1747,tt0447659
dir_517,tt2365873
dir_846,tt0363567
dir_1748,tt11664616
dir_1749,tt7207156
dir_1136,tt0066787
dir_1279,tt1137979
dir_1750,tt26542744
dir_988,tt0270219
dir_1751,tt14624470
dir_1752,tt0246567
dir_1753,tt2560016
dir_369,tt8929664
dir_1754,tt1108831
dir_1755,tt1935782
dir_1756,tt6099494
dir_1757,tt5068892
dir_1758,tt0377845
dir_832,tt0926332
dir_630,tt0989633
dir_827,tt0989633
dir_113,tt0989633
dir_1759,tt11079552
dir_300,tt11079552
dir_1760,tt11079552
dir_1761,tt0206240
dir_1762,tt2327389
dir_1763,tt0390079
dir_1605,tt1801521
dir_781,tt7383926
dir_1591,tt0053152
dir_168,tt1667460
dir_505,tt0272735
dir_883,tt3095248
dir_1764,tt12782066
dir_1765,tt6144958
dir_1766,tt1218038
dir_518,tt0155499
dir_1767,tt21386494
dir_1767,tt21386494
dir_1768,tt21386494
dir_1769,tt6189880
dir_630,tt3045946
dir_1770,tt3045946
dir_113,tt3045946
dir_1771,tt2337292
dir_311,tt2337292
dir_1772,tt0068929
dir_1616,tt0454504
dir_1773,tt1951087
dir_1061,tt0186871
dir_1774,tt14356188
dir_1775,tt14356188
dir_1776,tt14356188
dir_1777,tt2963974
dir_1778,tt2963974
dir_1742,tt4114302
dir_213,tt4114302
dir_1779,tt2112978
dir_1780,tt20603460
dir_1781,tt20603460
dir_1782,tt2767712
dir_784,tt0452236
dir_971,tt0362204
dir_1169,tt0158481
dir_143,tt0298607
dir_1218,tt1855268
dir_1783,tt1233600
dir_1784,tt1071798
dir_1785,tt5343678
dir_404,tt2034011
dir_846,tt0339864
dir_1241,tt0476861
dir_1786,tt4453214
dir_1705,tt12084320
dir_1787,tt13723200
dir_626,tt0260144
dir_1788,tt6080232
dir_1789,tt5439424
dir_1790,tt1668078
dir_184,tt1020899
dir_1791,tt7604032
dir_1792,tt0176010
dir_1240,tt8569206
dir_1793,tt7972674
dir_1275,tt18920258
dir_890,tt0286707
dir_484,tt2428368
dir_1794,tt6745804
dir_1795,tt1286871
dir_1796,tt12937680
dir_1092,tt0387164
dir_1797,tt5130348
dir_1123,tt0172646
dir_1798,tt2009592
dir_1799,tt2191164
dir_1800,tt1553060
dir_1801,tt9448946
dir_1802,tt0375733
dir_1803,tt7687138
dir_1804,tt2265191
dir_1805,tt4654760
dir_1806,tt2375666
dir_1807,tt8823390
dir_1181,tt1132595
dir_1808,tt3056632
dir_1809,tt0303187
dir_1810,tt8537578
dir_1811,tt8537578
dir_1252,tt0071317
dir_1812,tt2609468
dir_904,tt4219300
dir_1813,tt1814683
dir_1106,tt5963908
dir_1814,tt2802062
dir_1815,tt1630282
dir_1812,tt1773042
dir_1816,tt5573110
dir_1817,tt1754137
dir_1818,tt14389464
dir_1819,tt1358852
dir_1820,tt2149542
dir_1821,tt2149542
dir_1822,tt1153700
dir_1823,tt6667252
dir_1781,tt6304018
dir_1824,tt10409774
dir_34,tt1095038
dir_1825,tt1674757
dir_870,tt0439754
dir_1260,tt0118924
dir_803,tt11860510
dir_1826,tt20244398
dir_1827,tt20244398
dir_1828,tt20244398
dir_449,tt5569160
dir_591,tt5569160
dir_1829,tt10875678
dir_1210,tt0451639
dir_991,tt5052972
dir_112,tt7705476
dir_1830,tt7705476
dir_1831,tt7705476
dir_113,tt7705476
dir_1079,tt0447257
dir_1832,tt21989626
dir_1833,tt2354223
dir_1834,tt9828864
dir_706,tt0268489
dir_1535,tt0110839
dir_1835,tt1847736
dir_1178,tt0172622
dir_265,tt0338959
dir_1836,tt1809399
dir_1043,tt0417528
dir_1837,tt2216852
dir_638,tt0316112
dir_659,tt0047271
dir_998,tt0237132
dir_1838,tt25150506
dir_137,tt9179424
dir_299,tt9179424
dir_1839,tt21333170
dir_1840,tt1107308
dir_1841,tt0357208
dir_1842,tt3477498
dir_1843,tt2466678
dir_1844,tt2466678
dir_527,tt11368252
dir_1845,tt11368252
dir_1846,tt2248905
dir_1847,tt9657158
dir_1848,tt2613458
dir_1849,tt10919600
dir_1850,tt3005850
dir_417,tt3542028
dir_1851,tt2190196
dir_1852,tt9643832
dir_1738,tt6597248
dir_1853,tt0398390
dir_1154,tt1204913
dir_1607,tt1673411
dir_405,tt0419828
dir_1854,tt12451380
dir_1855,tt5791986
dir_1856,tt28265594
dir_510,tt0341639
dir_1128,tt8857610
dir_1857,tt6381074
dir_1858,tt4511416
dir_1859,tt2962230
